2011,179,2011-04-08,1st match,Chennai Super Kings,Kolkata Knight Riders,Chennai,MA Chidambaram Stadium,Chennai Super Kings,bat,Scott Styris,MS Dhoni,Suresh Raina,Albie Morkel,S Badrinath,Tim Southee,Ravichandran Ashwin,Murali Vijay,Srikkanth Anirudha,Shadab Jakati,Suraj Randiv,Lakshmipathy Balaji,Jacques Kallis,Gautam Gambhir,Eoin Morgan,Manoj Tiwary,Yusuf Pathan,Rajat Bhatia,Laxmi Shukla,Iqbal Abdulla,Manvinder Bisla,Sarabjit Ladda,Chennai Super Kings,2,
2011,180,2011-04-09,2nd match,Deccan Chargers,Rajasthan Royals,Hyderabad,Rajiv Gandhi International Stadium,Rajasthan Royals,bowl,Kumar Sangakkara,Jean-Paul Duminy,Dale Steyn,Ishant Sharma,Pragyan Ojha,Shikhar Dhawan,Amit Mishra,Dwaraka Ravi Teja,Bharath Chipli,Ishank Jaggi,Daniel Christian,Rahul Dravid,Jacob Oram,Shane Warne,Johan Botha,Ross Taylor,Stuart Binny,Siddharth Trivedi,Amit Singh,Abhishek Raut,Amit Paunikar,Ashok Menaria,Rajasthan Royals,,8
2011,181,2011-04-09,3rd match,Kochi Tuskers Kerala,Royal Challengers Bangalore,Kochi,Nehru Stadium,Kochi Tuskers Kerala,bat,VVS Laxman,Parthiv Patel,Mahela Jayawardene,Muttiah Muralitharan,Brendon McCullum,Brad Hodge,RP Singh,S Sreesanth,Ravindra Jadeja,Vinay Kumar,Raiphi Gomez,Zaheer Khan,Tillakaratne Dilshan,Daniel Vettori,AB de Villiers,Virat Kohli,Cheteshwar Pujara,Saurabh Tiwary,Dirk Nannes,Abhimanyu Mithun,Mayank Agarwal,Asad Pathan,Royal Challengers Bangalore,,6
2011,182,2011-04-10,4th match,Delhi Daredevils,Mumbai Indians,Delhi,Feroz Shah Kotla,Delhi Daredevils,bat,Virender Sehwag,Irfan Pathan,Venugopal Rao,Morne Morkel,Ashok Dinda,Naman Ojha,Aaron Finch,Roelof van der Merwe,David Warner,Umesh Yadav,Unmukt Chand,Sachin Tendulkar,Harbhajan Singh,Lasith Malinga,James Franklin,Munaf Patel,Rohit Sharma,Kieron Pollard,Ali Murtaza,Ambati Rayudu,Rajagopal Sathish,Davy Jacobs,Mumbai Indians,,8
2011,183,2011-04-10,5th match,Pune Warriors,Kings XI Punjab,Mumbai,Dr DY Patil Sports Academy,Kings XI Punjab,bat,Yuvraj Singh,Graeme Smith,Murali Kartik,Alfonso Thomas,Robin Uthappa,Jesse Ryder,Mithun Manhas,Wayne Parnell,Shrikant Wagh,Mohnish Mishra,Rahul Sharma,Adam Gilchrist,Dinesh Karthik,Piyush Chawla,Shaun Marsh,Praveen Kumar,Abhishek Nayar,Ryan McLaren,Paul Valthaty,Sunny Singh,Nathan Rimmington,Bhargav Bhatt,Pune Warriors,,7
2011,184,2011-04-11,6th match,Kolkata Knight Riders,Deccan Chargers,Kolkata,Eden Gardens,Kolkata Knight Riders,bat,Lakshmipathy Balaji,Jacques Kallis,Gautam Gambhir,Eoin Morgan,Ryan ten Doeschate,Manoj Tiwary,Yusuf Pathan,Rajat Bhatia,Iqbal Abdulla,Manvinder Bisla,Jaydev Unadkat,Kumar Sangakkara,Jean-Paul Duminy,Dale Steyn,Ishant Sharma,Pragyan Ojha,Shikhar Dhawan,Amit Mishra,Dwaraka Ravi Teja,Bharath Chipli,Ishank Jaggi,Daniel Christian,Kolkata Knight Riders,9,
2011,185,2011-04-12,7th match,Rajasthan Royals,Delhi Daredevils,Jaipur,Sawai Mansingh Stadium,Delhi Daredevils,bat,Rahul Dravid,Shane Warne,Shaun Tait,Johan Botha,Ross Taylor,Ajinkya Rahane,Siddharth Trivedi,Amit Singh,Abhishek Raut,Amit Paunikar,Ashok Menaria,Virender Sehwag,Irfan Pathan,Venugopal Rao,Morne Morkel,Ashok Dinda,Naman Ojha,Aaron Finch,Roelof van der Merwe,David Warner,Unmukt Chand,Shahbaz Nadeem,Rajasthan Royals,,6
2011,186,2011-04-12,8th match,Royal Challengers Bangalore,Mumbai Indians,Bengaluru,M.Chinnaswamy Stadium,Mumbai Indians,bowl,Zaheer Khan,Tillakaratne Dilshan,Daniel Vettori,AB de Villiers,Virat Kohli,Cheteshwar Pujara,Saurabh Tiwary,Dirk Nannes,Abhimanyu Mithun,Mayank Agarwal,Asad Pathan,Sachin Tendulkar,Harbhajan Singh,Lasith Malinga,James Franklin,Munaf Patel,Rohit Sharma,Kieron Pollard,Ali Murtaza,Ambati Rayudu,Rajagopal Sathish,Davy Jacobs,Mumbai Indians,,9
2011,187,2011-04-13,9th match,Kings XI Punjab,Chennai Super Kings,Mohali,Punjab Cricket Association IS Bindra Stadium,Kings XI Punjab,bowl,Adam Gilchrist,Dinesh Karthik,Piyush Chawla,Shaun Marsh,Praveen Kumar,Ryan Harris,Abhishek Nayar,Ryan McLaren,Paul Valthaty,Sunny Singh,Bhargav Bhatt,Scott Styris,MS Dhoni,Suresh Raina,Albie Morkel,S Badrinath,Tim Southee,Ravichandran Ashwin,Murali Vijay,Srikkanth Anirudha,Shadab Jakati,Suraj Randiv,Kings XI Punjab,,6
2011,188,2011-04-13,10th match,Pune Warriors,Kochi Tuskers Kerala,Mumbai,Dr DY Patil Sports Academy,Kochi Tuskers Kerala,bat,Yuvraj Singh,Graeme Smith,Murali Kartik,Alfonso Thomas,Robin Uthappa,Jesse Ryder,Mithun Manhas,Wayne Parnell,Shrikant Wagh,Mohnish Mishra,Rahul Sharma,VVS Laxman,Parthiv Patel,Mahela Jayawardene,Muttiah Muralitharan,Brendon McCullum,Brad Hodge,RP Singh,S Sreesanth,Ravindra Jadeja,Vinay Kumar,Raiphi Gomez,Pune Warriors,,4
2011,189,2011-04-14,11th match,Deccan Chargers,Royal Challengers Bangalore,Hyderabad,Rajiv Gandhi International Stadium,Royal Challengers Bangalore,bowl,Kumar Sangakkara,Jean-Paul Duminy,Dale Steyn,Ishant Sharma,Manpreet Gony,Shikhar Dhawan,Amit Mishra,Dwaraka Ravi Teja,Bharath Chipli,Sunny Sohal,Daniel Christian,Zaheer Khan,Tillakaratne Dilshan,Daniel Vettori,AB de Villiers,Johan van der Wath,Virat Kohli,Cheteshwar Pujara,Saurabh Tiwary,Sreenath Aravind,Ryan Ninan,Mayank Agarwal,Deccan Chargers,33,
2011,190,2011-04-15,12th match,Rajasthan Royals,Kolkata Knight Riders,Jaipur,Sawai Mansingh Stadium,Kolkata Knight Riders,bowl,Rahul Dravid,Shane Warne,Shane Watson,Johan Botha,Ross Taylor,Siddharth Trivedi,Amit Singh,Abhishek Raut,Amit Paunikar,Nayan Doshi,Ashok Menaria,Brett Lee,Lakshmipathy Balaji,Jacques Kallis,Gautam Gambhir,Shakib Al Hasan,Eoin Morgan,Manoj Tiwary,Yusuf Pathan,Rajat Bhatia,Iqbal Abdulla,Manvinder Bisla,Kolkata Knight Riders,,9
2011,191,2011-04-15,13th match,Mumbai Indians,Kochi Tuskers Kerala,Mumbai,Wankhede Stadium,Kochi Tuskers Kerala,bowl,Sachin Tendulkar,Andrew Symonds,Harbhajan Singh,Lasith Malinga,Munaf Patel,Rohit Sharma,Kieron Pollard,Ali Murtaza,Ambati Rayudu,Rajagopal Sathish,Davy Jacobs,Parthiv Patel,Mahela Jayawardene,Brendon McCullum,Brad Hodge,RP Singh,Ramesh Powar,Ravindra Jadeja,Vinay Kumar,Kedar Jadhav,Raiphi Gomez,Thisara Perera,Kochi Tuskers Kerala,,8
2011,192,2011-04-16,14th match,Chennai Super Kings,Royal Challengers Bangalore,Chennai,MA Chidambaram Stadium,Chennai Super Kings,bat,MS Dhoni,Suresh Raina,Albie Morkel,S Badrinath,Tim Southee,Ravichandran Ashwin,Murali Vijay,Srikkanth Anirudha,Shadab Jakati,Suraj Randiv,Michael Hussey,Zaheer Khan,Tillakaratne Dilshan,Daniel Vettori,AB de Villiers,Johan van der Wath,Virat Kohli,Cheteshwar Pujara,Saurabh Tiwary,Ryan Ninan,Mayank Agarwal,Asad Pathan,Chennai Super Kings,21,
2011,193,2011-04-16,15th match,Deccan Chargers,Kings XI Punjab,Hyderabad,Rajiv Gandhi International Stadium,Kings XI Punjab,bowl,Kumar Sangakkara,Jean-Paul Duminy,Dale Steyn,Ishant Sharma,Manpreet Gony,Shikhar Dhawan,Amit Mishra,Dwaraka Ravi Teja,Bharath Chipli,Sunny Sohal,Daniel Christian,Adam Gilchrist,Dinesh Karthik,Piyush Chawla,Shaun Marsh,Praveen Kumar,Ryan Harris,Abhishek Nayar,Ryan McLaren,Paul Valthaty,Sunny Singh,Vikramjeet Singh Malik,Kings XI Punjab,,8
2011,194,2011-04-17,16th match,Pune Warriors,Delhi Daredevils,Mumbai,Dr DY Patil Sports Academy,Delhi Daredevils,bowl,Yuvraj Singh,Graeme Smith,Alfonso Thomas,Robin Uthappa,Jesse Ryder,Mithun Manhas,Wayne Parnell,Shrikant Wagh,Abhishek Jhunjhunwala,Mohnish Mishra,Rahul Sharma,Virender Sehwag,Irfan Pathan,James Hopes,Venugopal Rao,Ashok Dinda,Naman Ojha,Aaron Finch,Matthew Wade,David Warner,Umesh Yadav,Shahbaz Nadeem,Delhi Daredevils,,3
2011,195,2011-04-17,17th match,Kolkata Knight Riders,Rajasthan Royals,Kolkata,Eden Gardens,Kolkata Knight Riders,bowl,Brett Lee,Lakshmipathy Balaji,Jacques Kallis,Gautam Gambhir,Shakib Al Hasan,Eoin Morgan,Manoj Tiwary,Yusuf Pathan,Rajat Bhatia,Iqbal Abdulla,Manvinder Bisla,Shane Warne,Shane Watson,Shaun Tait,Ross Taylor,Ajinkya Rahane,Siddharth Trivedi,Faiz Fazal,Amit Singh,Abhishek Raut,Amit Paunikar,Ashok Menaria,Kolkata Knight Riders,,8
2011,196,2011-04-18,18th match,Kochi Tuskers Kerala,Chennai Super Kings,Kochi,Nehru Stadium,Kochi Tuskers Kerala,bowl,Parthiv Patel,Mahela Jayawardene,Brendon McCullum,Brad Hodge,RP Singh,Ramesh Powar,Ravindra Jadeja,Vinay Kumar,Kedar Jadhav,Raiphi Gomez,Thisara Perera,MS Dhoni,Suresh Raina,Albie Morkel,Doug Bollinger,S Badrinath,Tim Southee,Ravichandran Ashwin,Murali Vijay,Srikkanth Anirudha,Shadab Jakati,Michael Hussey,Kochi Tuskers Kerala,,7
2011,197,2011-04-19,19th match,Delhi Daredevils,Deccan Chargers,Delhi,Feroz Shah Kotla,Deccan Chargers,bat,Virender Sehwag,Irfan Pathan,James Hopes,Venugopal Rao,Morne Morkel,Ashok Dinda,Naman Ojha,Aaron Finch,David Warner,Yogesh Nagar,Shahbaz Nadeem,Kumar Sangakkara,Cameron White,Dale Steyn,Pragyan Ojha,Shikhar Dhawan,Amit Mishra,Dwaraka Ravi Teja,Bharath Chipli,Sunny Sohal,Harmeet Singh,Daniel Christian,Deccan Chargers,16,
2011,199,2011-04-20,21st match,Mumbai Indians,Pune Warriors,Mumbai,Wankhede Stadium,Pune Warriors,bat,Sachin Tendulkar,Andrew Symonds,Lasith Malinga,James Franklin,Munaf Patel,Rohit Sharma,Kieron Pollard,Ali Murtaza,Ambati Rayudu,Rajagopal Sathish,Abu Nechim,Yuvraj Singh,Murali Kartik,Alfonso Thomas,Robin Uthappa,Jesse Ryder,Mithun Manhas,Wayne Parnell,Tim Paine,Shrikant Wagh,Mohnish Mishra,Rahul Sharma,Mumbai Indians,,7
2011,200,2011-04-20,22nd match,Kolkata Knight Riders,Kochi Tuskers Kerala,Kolkata,Eden Gardens,Kolkata Knight Riders,bowl,Brett Lee,Lakshmipathy Balaji,Jacques Kallis,Gautam Gambhir,Shakib Al Hasan,Eoin Morgan,Manoj Tiwary,Yusuf Pathan,Rajat Bhatia,Iqbal Abdulla,Manvinder Bisla,Parthiv Patel,Mahela Jayawardene,Muttiah Muralitharan,Brendon McCullum,Brad Hodge,RP Singh,Ramesh Powar,Ravindra Jadeja,Vinay Kumar,Kedar Jadhav,Raiphi Gomez,Kochi Tuskers Kerala,6,
2011,201,2011-04-21,23rd match,Kings XI Punjab,Rajasthan Royals,Mohali,Punjab Cricket Association IS Bindra Stadium,Rajasthan Royals,bowl,Adam Gilchrist,Dinesh Karthik,Piyush Chawla,Shaun Marsh,Praveen Kumar,Ryan Harris,Abhishek Nayar,Ryan McLaren,Paul Valthaty,Sunny Singh,Bhargav Bhatt,Rahul Dravid,Shane Warne,Shane Watson,Shaun Tait,Ross Taylor,Swapnil Asnodkar,Stuart Binny,Siddharth Trivedi,Abhishek Raut,Dishant Yagnik,Ashok Menaria,Kings XI Punjab,48,
2011,202,2011-04-22,24th match,Kolkata Knight Riders,Royal Challengers Bangalore,Kolkata,Eden Gardens,Royal Challengers Bangalore,bowl,Lakshmipathy Balaji,Brad Haddin,Jacques Kallis,Gautam Gambhir,Shakib Al Hasan,Eoin Morgan,Manoj Tiwary,Yusuf Pathan,Rajat Bhatia,Iqbal Abdulla,Jaydev Unadkat,Zaheer Khan,Tillakaratne Dilshan,Daniel Vettori,Chris Gayle,AB de Villiers,Virat Kohli,Cheteshwar Pujara,Saurabh Tiwary,Sreenath Aravind,Asad Pathan,JS Mohammad,Royal Challengers Bangalore,,9
2011,203,2011-04-22,25th match,Mumbai Indians,Chennai Super Kings,Mumbai,Wankhede Stadium,Chennai Super Kings,bowl,Sachin Tendulkar,Andrew Symonds,Harbhajan Singh,Lasith Malinga,James Franklin,Munaf Patel,Rohit Sharma,Kieron Pollard,Ambati Rayudu,Rajagopal Sathish,Abu Nechim,MS Dhoni,Joginder Sharma,Suresh Raina,Albie Morkel,Doug Bollinger,S Badrinath,Ravichandran Ashwin,Murali Vijay,Srikkanth Anirudha,Suraj Randiv,Michael Hussey,Mumbai Indians,8,
2011,204,2011-04-23,26th match,Delhi Daredevils,Kings XI Punjab,Delhi,Feroz Shah Kotla,Kings XI Punjab,bowl,Virender Sehwag,Irfan Pathan,Ajit Agarkar,James Hopes,Venugopal Rao,Morne Morkel,Naman Ojha,Aaron Finch,David Warner,Yogesh Nagar,Varun Aaron,Adam Gilchrist,Dinesh Karthik,Piyush Chawla,David Hussey,Shaun Marsh,Praveen Kumar,Ryan Harris,Abhishek Nayar,Paul Valthaty,Sunny Singh,Shalabh Srivastava,Delhi Daredevils,29,
2011,205,2011-04-24,27th match,Deccan Chargers,Mumbai Indians,Hyderabad,Rajiv Gandhi International Stadium,Deccan Chargers,bowl,Kumar Sangakkara,Cameron White,Dale Steyn,Ishant Sharma,Pragyan Ojha,Shikhar Dhawan,Amit Mishra,Dwaraka Ravi Teja,Bharath Chipli,Sunny Sohal,Daniel Christian,Sachin Tendulkar,Andrew Symonds,Harbhajan Singh,Lasith Malinga,Munaf Patel,Rohit Sharma,Kieron Pollard,Ambati Rayudu,Rajagopal Sathish,Abu Nechim,Davy Jacobs,Mumbai Indians,37,
2011,206,2011-04-24,28th match,Rajasthan Royals,Kochi Tuskers Kerala,Jaipur,Sawai Mansingh Stadium,Rajasthan Royals,bowl,Rahul Dravid,Shane Warne,Shane Watson,Johan Botha,Ross Taylor,Ajinkya Rahane,Stuart Binny,Siddharth Trivedi,Amit Singh,Dishant Yagnik,Ashok Menaria,VVS Laxman,Parthiv Patel,Mahela Jayawardene,Muttiah Muralitharan,Brad Hodge,RP Singh,Ravindra Jadeja,Vinay Kumar,Kedar Jadhav,Raiphi Gomez,Thisara Perera,Rajasthan Royals,,8
2011,207,2011-04-25,29th match,Chennai Super Kings,Pune Warriors,Chennai,MA Chidambaram Stadium,Pune Warriors,bowl,MS Dhoni,Suresh Raina,Albie Morkel,Doug Bollinger,S Badrinath,Ravichandran Ashwin,Murali Vijay,Srikkanth Anirudha,Shadab Jakati,Suraj Randiv,Michael Hussey,Yuvraj Singh,Murali Kartik,Alfonso Thomas,Jerome Taylor,Robin Uthappa,Nathan McCullum,Jesse Ryder,Mithun Manhas,Manish Pandey,Mohnish Mishra,Rahul Sharma,Chennai Super Kings,25,
2011,208,2011-04-26,30th match,Delhi Daredevils,Royal Challengers Bangalore,Delhi,Feroz Shah Kotla,Royal Challengers Bangalore,bowl,Virender Sehwag,Irfan Pathan,James Hopes,Venugopal Rao,Morne Morkel,Ashok Dinda,Naman Ojha,Matthew Wade,David Warner,Yogesh Nagar,Umesh Yadav,Zaheer Khan,Tillakaratne Dilshan,Daniel Vettori,Chris Gayle,AB de Villiers,Virat Kohli,Cheteshwar Pujara,Saurabh Tiwary,Abhimanyu Mithun,Sreenath Aravind,JS Mohammad,Royal Challengers Bangalore,,3
2011,209,2011-04-27,31st match,Pune Warriors,Chennai Super Kings,Mumbai,Dr DY Patil Sports Academy,Pune Warriors,bat,Yuvraj Singh,Murali Kartik,Alfonso Thomas,Jerome Taylor,Robin Uthappa,Jesse Ryder,Mithun Manhas,Manish Pandey,Mitchell Marsh,Mohnish Mishra,Rahul Sharma,MS Dhoni,Suresh Raina,Nuwan Kulasekara,Doug Bollinger,S Badrinath,Tim Southee,Ravichandran Ashwin,Murali Vijay,Srikkanth Anirudha,Shadab Jakati,Michael Hussey,Chennai Super Kings,,8
2011,210,2011-04-27,32nd match,Kochi Tuskers Kerala,Deccan Chargers,Kochi,Nehru Stadium,Kochi Tuskers Kerala,bowl,Parthiv Patel,Mahela Jayawardene,Brendon McCullum,Brad Hodge,RP Singh,S Sreesanth,Ravindra Jadeja,Vinay Kumar,Kedar Jadhav,Raiphi Gomez,Thisara Perera,Kumar Sangakkara,Cameron White,Dale Steyn,Ishant Sharma,Manpreet Gony,Shikhar Dhawan,Amit Mishra,Dwaraka Ravi Teja,Bharath Chipli,Sunny Sohal,Daniel Christian,Deccan Chargers,55,
2011,211,2011-04-28,33rd match,Delhi Daredevils,Kolkata Knight Riders,Delhi,Feroz Shah Kotla,Delhi Daredevils,bowl,Virender Sehwag,Irfan Pathan,Ajit Agarkar,James Hopes,Venugopal Rao,Morne Morkel,Naman Ojha,David Warner,Yogesh Nagar,Umesh Yadav,Travis Birt,Brett Lee,Lakshmipathy Balaji,Jacques Kallis,Gautam Gambhir,Eoin Morgan,Ryan ten Doeschate,Manoj Tiwary,Yusuf Pathan,Shreevats Goswami,Iqbal Abdulla,Jaydev Unadkat,Kolkata Knight Riders,17,
2011,212,2011-04-29,34th match,Rajasthan Royals,Mumbai Indians,Jaipur,Sawai Mansingh Stadium,Rajasthan Royals,bowl,Rahul Dravid,Shane Warne,Shane Watson,Johan Botha,Ross Taylor,Ajinkya Rahane,Stuart Binny,Siddharth Trivedi,Amit Singh,Dishant Yagnik,Ashok Menaria,Sachin Tendulkar,Andrew Symonds,Harbhajan Singh,Lasith Malinga,Munaf Patel,Rohit Sharma,Kieron Pollard,Ali Murtaza,Ambati Rayudu,Rajagopal Sathish,Davy Jacobs,Rajasthan Royals,,7
2011,213,2011-04-29,35th match,Royal Challengers Bangalore,Pune Warriors,Bengaluru,M.Chinnaswamy Stadium,Pune Warriors,bowl,Mohammad Kaif,Zaheer Khan,Tillakaratne Dilshan,Daniel Vettori,Chris Gayle,AB de Villiers,Virat Kohli,Saurabh Tiwary,Abhimanyu Mithun,Sreenath Aravind,JS Mohammad,Yuvraj Singh,Alfonso Thomas,Jerome Taylor,Robin Uthappa,Jesse Ryder,Mithun Manhas,Manish Pandey,Kamran Khan,Tim Paine,Rahul Sharma,Harpreet Singh,Royal Challengers Bangalore,26,
2011,214,2011-04-30,36th match,Kochi Tuskers Kerala,Delhi Daredevils,Kochi,Nehru Stadium,Delhi Daredevils,bat,Parthiv Patel,Mahela Jayawardene,Brendon McCullum,Brad Hodge,RP Singh,S Sreesanth,Ramesh Powar,Ravindra Jadeja,Vinay Kumar,Balachandra Akhil,Michael Klinger,Virender Sehwag,Irfan Pathan,Ajit Agarkar,Venugopal Rao,Morne Morkel,Naman Ojha,Roelof van der Merwe,David Warner,Yogesh Nagar,Umesh Yadav,Travis Birt,Delhi Daredevils,38,
2011,215,2011-04-30,37th match,Kolkata Knight Riders,Kings XI Punjab,Kolkata,Eden Gardens,Kolkata Knight Riders,bowl,Brett Lee,Lakshmipathy Balaji,Jacques Kallis,Gautam Gambhir,Eoin Morgan,Ryan ten Doeschate,Manoj Tiwary,Yusuf Pathan,Rajat Bhatia,Shreevats Goswami,Iqbal Abdulla,Adam Gilchrist,Dinesh Karthik,Piyush Chawla,David Hussey,Shaun Marsh,Praveen Kumar,Ryan Harris,Abhishek Nayar,Paul Valthaty,Bipul Sharma,Bhargav Bhatt,Kolkata Knight Riders,,8
2011,216,2011-05-01,38th match,Rajasthan Royals,Pune Warriors,Jaipur,Sawai Mansingh Stadium,Rajasthan Royals,bowl,Rahul Dravid,Shane Warne,Shane Watson,Johan Botha,Ross Taylor,Ajinkya Rahane,Stuart Binny,Siddharth Trivedi,Amit Singh,Dishant Yagnik,Ashok Menaria,Yuvraj Singh,Murali Kartik,Alfonso Thomas,Jerome Taylor,Robin Uthappa,Nathan McCullum,Jesse Ryder,Mithun Manhas,Manish Pandey,Rahul Sharma,Harpreet Singh,Rajasthan Royals,,6
2011,217,2011-05-01,39th match,Chennai Super Kings,Deccan Chargers,Chennai,MA Chidambaram Stadium,Chennai Super Kings,bat,MS Dhoni,Suresh Raina,Albie Morkel,Doug Bollinger,S Badrinath,Ravichandran Ashwin,Murali Vijay,Srikkanth Anirudha,Shadab Jakati,Suraj Randiv,Michael Hussey,Kumar Sangakkara,Jean-Paul Duminy,Cameron White,Ishant Sharma,Pragyan Ojha,Shikhar Dhawan,Amit Mishra,Bharath Chipli,Sunny Sohal,Harmeet Singh,Daniel Christian,Chennai Super Kings,19,
2011,218,2011-05-02,40th match,Mumbai Indians,Kings XI Punjab,Mumbai,Wankhede Stadium,Kings XI Punjab,bowl,Sachin Tendulkar,Andrew Symonds,Harbhajan Singh,Lasith Malinga,Munaf Patel,Rohit Sharma,Kieron Pollard,Tirumalsetti Suman,Ambati Rayudu,Abu Nechim,Davy Jacobs,Adam Gilchrist,Dinesh Karthik,Piyush Chawla,David Hussey,Shaun Marsh,Praveen Kumar,Ryan Harris,Abhishek Nayar,Paul Valthaty,Bipul Sharma,Bhargav Bhatt,Mumbai Indians,23,
2011,219,2011-05-02,41st match,Delhi Daredevils,Kochi Tuskers Kerala,Delhi,Feroz Shah Kotla,Kochi Tuskers Kerala,bowl,Virender Sehwag,Irfan Pathan,Ajit Agarkar,Venugopal Rao,Morne Morkel,Naman Ojha,Roelof van der Merwe,David Warner,Yogesh Nagar,Umesh Yadav,Travis Birt,Parthiv Patel,Mahela Jayawardene,Brendon McCullum,Brad Hodge,RP Singh,S Sreesanth,Ravindra Jadeja,Vinay Kumar,Raiphi Gomez,Michael Klinger,Prasanth Parameswaran,Kochi Tuskers Kerala,,7
2011,220,2011-05-03,42nd match,Deccan Chargers,Kolkata Knight Riders,Hyderabad,Rajiv Gandhi International Stadium,Deccan Chargers,bowl,Kumar Sangakkara,Cameron White,Dale Steyn,Ishant Sharma,Pragyan Ojha,Shikhar Dhawan,Amit Mishra,Dwaraka Ravi Teja,Bharath Chipli,Sunny Sohal,Daniel Christian,Brett Lee,Lakshmipathy Balaji,Mark Boucher,Jacques Kallis,Gautam Gambhir,Eoin Morgan,Manoj Tiwary,Yusuf Pathan,Rajat Bhatia,Iqbal Abdulla,Jaydev Unadkat,Kolkata Knight Riders,20,
2011,221,2011-05-04,43rd match,Chennai Super Kings,Rajasthan Royals,Chennai,MA Chidambaram Stadium,Rajasthan Royals,bat,MS Dhoni,Suresh Raina,Albie Morkel,Doug Bollinger,S Badrinath,Ravichandran Ashwin,Murali Vijay,Srikkanth Anirudha,Shadab Jakati,Suraj Randiv,Michael Hussey,Rahul Dravid,Shane Warne,Shane Watson,Johan Botha,Ross Taylor,Ajinkya Rahane,Stuart Binny,Siddharth Trivedi,Nayan Doshi,Dishant Yagnik,Ashok Menaria,Chennai Super Kings,,8
2011,222,2011-05-04,44th match,Pune Warriors,Mumbai Indians,Mumbai,Dr DY Patil Sports Academy,Pune Warriors,bowl,Yuvraj Singh,Graeme Smith,Alfonso Thomas,Jerome Taylor,Robin Uthappa,Jesse Ryder,Mithun Manhas,Manish Pandey,Shrikant Wagh,Abhishek Jhunjhunwala,Rahul Sharma,Sachin Tendulkar,Andrew Symonds,Harbhajan Singh,Lasith Malinga,Munaf Patel,Rohit Sharma,Kieron Pollard,Dhawal Kulkarni,Aiden Blizzard,Tirumalsetti Suman,Ambati Rayudu,Mumbai Indians,21,
2011,223,2011-05-05,45th match,Kochi Tuskers Kerala,Kolkata Knight Riders,Kochi,Nehru Stadium,Kolkata Knight Riders,bowl,Parthiv Patel,Mahela Jayawardene,Brendon McCullum,Brad Hodge,RP Singh,S Sreesanth,Ravindra Jadeja,Vinay Kumar,Raiphi Gomez,Michael Klinger,Prasanth Parameswaran,Brett Lee,Mark Boucher,Jacques Kallis,Gautam Gambhir,Eoin Morgan,Manoj Tiwary,Yusuf Pathan,Rajat Bhatia,Iqbal Abdulla,Sarabjit Ladda,Jaydev Unadkat,Kochi Tuskers Kerala,17,
2011,224,2011-05-05,46th match,Deccan Chargers,Delhi Daredevils,Hyderabad,Rajiv Gandhi International Stadium,Delhi Daredevils,bowl,Kumar Sangakkara,Jean-Paul Duminy,Dale Steyn,Ishant Sharma,Shikhar Dhawan,Amit Mishra,Dwaraka Ravi Teja,Bharath Chipli,Sunny Sohal,Daniel Christian,Ishan Malhotra,Virender Sehwag,Irfan Pathan,Ajit Agarkar,James Hopes,Venugopal Rao,Morne Morkel,Naman Ojha,Aaron Finch,Yogesh Nagar,Aavishkar Salvi,Travis Birt,Delhi Daredevils,,4
2011,225,2011-05-06,47th match,Royal Challengers Bangalore,Kings XI Punjab,Bengaluru,M.Chinnaswamy Stadium,Kings XI Punjab,bowl,Mohammad Kaif,Zaheer Khan,Tillakaratne Dilshan,Daniel Vettori,Chris Gayle,AB de Villiers,Virat Kohli,Saurabh Tiwary,Abhimanyu Mithun,Sreenath Aravind,Asad Pathan,Adam Gilchrist,Dinesh Karthik,Piyush Chawla,Shaun Marsh,Praveen Kumar,Ryan Harris,Abhishek Nayar,Ryan McLaren,Paul Valthaty,Sunny Singh,Love Ablish,Royal Challengers Bangalore,85,
2011,226,2011-05-07,48th match,Kolkata Knight Riders,Chennai Super Kings,Kolkata,Eden Gardens,Chennai Super Kings,bat,Brett Lee,Lakshmipathy Balaji,Mark Boucher,Jacques Kallis,Gautam Gambhir,Eoin Morgan,Manoj Tiwary,Yusuf Pathan,Rajat Bhatia,Iqbal Abdulla,Jaydev Unadkat,MS Dhoni,Suresh Raina,Albie Morkel,Doug Bollinger,S Badrinath,Wriddhiman Saha,Ravichandran Ashwin,Murali Vijay,Shadab Jakati,Suraj Randiv,Michael Hussey,Kolkata Knight Riders,10,
2011,227,2011-05-07,49th match,Mumbai Indians,Delhi Daredevils,Mumbai,Wankhede Stadium,Delhi Daredevils,bowl,Sachin Tendulkar,Andrew Symonds,Harbhajan Singh,Lasith Malinga,Munaf Patel,Rohit Sharma,Kieron Pollard,Dhawal Kulkarni,Aiden Blizzard,Tirumalsetti Suman,Ambati Rayudu,Virender Sehwag,Irfan Pathan,Ajit Agarkar,James Hopes,Venugopal Rao,Morne Morkel,Naman Ojha,David Warner,Yogesh Nagar,Colin Ingram,Shahbaz Nadeem,Mumbai Indians,32,
2011,228,2011-05-08,50th match,Royal Challengers Bangalore,Kochi Tuskers Kerala,Bengaluru,M.Chinnaswamy Stadium,Kochi Tuskers Kerala,bat,Mohammad Kaif,Zaheer Khan,Tillakaratne Dilshan,Daniel Vettori,Chris Gayle,AB de Villiers,Virat Kohli,Cheteshwar Pujara,Saurabh Tiwary,Abhimanyu Mithun,Sreenath Aravind,Parthiv Patel,Mahela Jayawardene,Brendon McCullum,Brad Hodge,RP Singh,Ramesh Powar,Ravindra Jadeja,Vinay Kumar,Raiphi Gomez,Michael Klinger,Prasanth Parameswaran,Royal Challengers Bangalore,,9
2011,229,2011-05-08,51st match,Kings XI Punjab,Pune Warriors,Mohali,Punjab Cricket Association IS Bindra Stadium,Kings XI Punjab,bat,Adam Gilchrist,Dinesh Karthik,David Hussey,Shaun Marsh,Praveen Kumar,Ryan Harris,Siddharth Chitnis,Paul Valthaty,Shalabh Srivastava,Mandeep Singh,Bhargav Bhatt,Yuvraj Singh,Robin Uthappa,Jesse Ryder,Wayne Parnell,Bhuvneshwar Kumar,Callum Ferguson,Manish Pandey,Mitchell Marsh,Shrikant Wagh,Abhishek Jhunjhunwala,Rahul Sharma,Pune Warriors,,5
2011,230,2011-05-09,52nd match,Rajasthan Royals,Chennai Super Kings,Jaipur,Sawai Mansingh Stadium,Rajasthan Royals,bowl,Rahul Dravid,Shane Warne,Shane Watson,Johan Botha,Ross Taylor,Ajinkya Rahane,Siddharth Trivedi,Amit Singh,Abhishek Raut,Dishant Yagnik,Ashok Menaria,Dwayne Bravo,MS Dhoni,Suresh Raina,Albie Morkel,Doug Bollinger,S Badrinath,Wriddhiman Saha,Ravichandran Ashwin,Murali Vijay,Shadab Jakati,Michael Hussey,Chennai Super Kings,63,
2011,231,2011-05-10,53rd match,Deccan Chargers,Pune Warriors,Hyderabad,Rajiv Gandhi International Stadium,Deccan Chargers,bat,Kumar Sangakkara,Jean-Paul Duminy,Dale Steyn,Ishant Sharma,Pragyan Ojha,Shikhar Dhawan,Amit Mishra,Dwaraka Ravi Teja,Bharath Chipli,Sunny Sohal,Daniel Christian,Sourav Ganguly,Yuvraj Singh,Robin Uthappa,Jesse Ryder,Wayne Parnell,Bhuvneshwar Kumar,Callum Ferguson,Manish Pandey,Mitchell Marsh,Shrikant Wagh,Rahul Sharma,Pune Warriors,,6
2011,232,2011-05-10,54th match,Kings XI Punjab,Mumbai Indians,Mohali,Punjab Cricket Association IS Bindra Stadium,Mumbai Indians,bowl,Adam Gilchrist,Dinesh Karthik,David Hussey,Shaun Marsh,Praveen Kumar,Ryan Harris,Paul Valthaty,Bipul Sharma,Shalabh Srivastava,Mandeep Singh,Bhargav Bhatt,Sachin Tendulkar,Andrew Symonds,Harbhajan Singh,Lasith Malinga,Munaf Patel,Rohit Sharma,Kieron Pollard,Dhawal Kulkarni,Aiden Blizzard,Tirumalsetti Suman,Ambati Rayudu,Kings XI Punjab,76,
2011,233,2011-05-11,55th match,Rajasthan Royals,Royal Challengers Bangalore,Jaipur,Sawai Mansingh Stadium,Royal Challengers Bangalore,bowl,Rahul Dravid,Shane Warne,Shane Watson,Johan Botha,Ross Taylor,Ajinkya Rahane,Siddharth Trivedi,Abhishek Raut,Pankaj Singh,Dishant Yagnik,Ashok Menaria,Mohammad Kaif,Zaheer Khan,Tillakaratne Dilshan,Charl Langeveldt,Chris Gayle,AB de Villiers,Virat Kohli,Saurabh Tiwary,Arun Karthik,Sreenath Aravind,Abrar Kazi,Royal Challengers Bangalore,,9
2011,234,2011-05-12,56th match,Chennai Super Kings,Delhi Daredevils,Chennai,MA Chidambaram Stadium,Chennai Super Kings,bat,Dwayne Bravo,MS Dhoni,Suresh Raina,Albie Morkel,Doug Bollinger,S Badrinath,Wriddhiman Saha,Ravichandran Ashwin,Murali Vijay,Shadab Jakati,Michael Hussey,Irfan Pathan,Ajit Agarkar,James Hopes,Venugopal Rao,Naman Ojha,Andrew McDonald,David Warner,Yogesh Nagar,Varun Aaron,Colin Ingram,Shahbaz Nadeem,Chennai Super Kings,18,
2011,235,2011-05-13,57th match,Kochi Tuskers Kerala,Kings XI Punjab,Indore,Holkar Cricket Stadium,Kings XI Punjab,bowl,Parthiv Patel,Mahela Jayawardene,Brendon McCullum,Brad Hodge,RP Singh,S Sreesanth,Owais Shah,Ravindra Jadeja,Vinay Kumar,Raiphi Gomez,Prasanth Parameswaran,Adam Gilchrist,Dinesh Karthik,Piyush Chawla,David Hussey,Shaun Marsh,Ryan Harris,Paul Valthaty,Bipul Sharma,Shalabh Srivastava,Mandeep Singh,Bhargav Bhatt,Kings XI Punjab,,6
2011,236,2011-05-14,58th match,Royal Challengers Bangalore,Kolkata Knight Riders,Bengaluru,M.Chinnaswamy Stadium,Royal Challengers Bangalore,bowl,Mohammad Kaif,Zaheer Khan,Charl Langeveldt,Chris Gayle,AB de Villiers,Luke Pomersbach,Virat Kohli,Saurabh Tiwary,Arun Karthik,Abhimanyu Mithun,Sreenath Aravind,Brett Lee,Lakshmipathy Balaji,Mark Boucher,Jacques Kallis,Gautam Gambhir,Eoin Morgan,Manoj Tiwary,Yusuf Pathan,Rajat Bhatia,Iqbal Abdulla,Jaydev Unadkat,Royal Challengers Bangalore,,4
2011,237,2011-05-14,59th match,Mumbai Indians,Deccan Chargers,Mumbai,Wankhede Stadium,Deccan Chargers,bat,Sachin Tendulkar,Andrew Symonds,Harbhajan Singh,Lasith Malinga,Munaf Patel,Rohit Sharma,Kieron Pollard,Dhawal Kulkarni,Aiden Blizzard,Tirumalsetti Suman,Ambati Rayudu,Kumar Sangakkara,Jean-Paul Duminy,Ishant Sharma,Pragyan Ojha,Shikhar Dhawan,Amit Mishra,Bharath Chipli,Sunny Sohal,Daniel Christian,Michael Lumb,Anand Rajan,Deccan Chargers,10,
2011,238,2011-05-15,60th match,Kings XI Punjab,Delhi Daredevils,Dharamsala,Himachal Pradesh Cricket Association Stadium,Delhi Daredevils,bowl,Adam Gilchrist,Dinesh Karthik,Piyush Chawla,David Hussey,Shaun Marsh,Praveen Kumar,Ryan Harris,Paul Valthaty,Shalabh Srivastava,Mandeep Singh,Bhargav Bhatt,Irfan Pathan,James Hopes,Venugopal Rao,Morne Morkel,Naman Ojha,David Warner,Yogesh Nagar,Aavishkar Salvi,Sridharan Sriram,Travis Birt,Varun Aaron,Kings XI Punjab,29,
2011,239,2011-05-15,61st match,Kochi Tuskers Kerala,Rajasthan Royals,Indore,Holkar Cricket Stadium,Kochi Tuskers Kerala,bowl,Parthiv Patel,Mahela Jayawardene,Brendon McCullum,Brad Hodge,RP Singh,S Sreesanth,Owais Shah,Ravindra Jadeja,Gnaneswara Rao,Prasanth Padmanabhan,Prasanth Parameswaran,Rahul Dravid,Jacob Oram,Shane Warne,Shane Watson,Shaun Tait,Ajinkya Rahane,Faiz Fazal,Ankeet Chavan,Pinal Shah,Nayan Doshi,Ashok Menaria,Kochi Tuskers Kerala,,8
2011,240,2011-05-16,62nd match,Pune Warriors,Deccan Chargers,Mumbai,Dr DY Patil Sports Academy,Deccan Chargers,bowl,Sourav Ganguly,Yuvraj Singh,Robin Uthappa,Jesse Ryder,Mithun Manhas,Wayne Parnell,Bhuvneshwar Kumar,Callum Ferguson,Manish Pandey,Mitchell Marsh,Rahul Sharma,Kumar Sangakkara,Jean-Paul Duminy,Dale Steyn,Ishant Sharma,Pragyan Ojha,Shikhar Dhawan,Amit Mishra,Dwaraka Ravi Teja,Bharath Chipli,Sunny Sohal,Daniel Christian,Deccan Chargers,,6
2011,241,2011-05-17,63rd match,Kings XI Punjab,Royal Challengers Bangalore,Dharamsala,Himachal Pradesh Cricket Association Stadium,Kings XI Punjab,bat,Adam Gilchrist,Dinesh Karthik,Piyush Chawla,David Hussey,Shaun Marsh,Praveen Kumar,Ryan Harris,Abhishek Nayar,Paul Valthaty,Shalabh Srivastava,Mandeep Singh,Mohammad Kaif,Charl Langeveldt,Chris Gayle,AB de Villiers,Johan van der Wath,Virat Kohli,Saurabh Tiwary,Arun Karthik,Abhimanyu Mithun,Sreenath Aravind,Asad Pathan,Kings XI Punjab,111,
2011,242,2011-05-18,64th match,Chennai Super Kings,Kochi Tuskers Kerala,Chennai,MA Chidambaram Stadium,Chennai Super Kings,bat,Dwayne Bravo,MS Dhoni,Suresh Raina,Albie Morkel,Doug Bollinger,S Badrinath,Wriddhiman Saha,Ravichandran Ashwin,Murali Vijay,Shadab Jakati,Michael Hussey,Parthiv Patel,Muttiah Muralitharan,Brendon McCullum,Brad Hodge,RP Singh,S Sreesanth,Owais Shah,Ravindra Jadeja,Vinay Kumar,Kedar Jadhav,Gnaneswara Rao,Chennai Super Kings,11,
2011,243,2011-05-19,65th match,Pune Warriors,Kolkata Knight Riders,Mumbai,Dr DY Patil Sports Academy,Kolkata Knight Riders,bowl,Sourav Ganguly,Yuvraj Singh,Alfonso Thomas,Robin Uthappa,Jesse Ryder,Wayne Parnell,Bhuvneshwar Kumar,Callum Ferguson,Manish Pandey,Sachin Rana,Rahul Sharma,Brett Lee,Lakshmipathy Balaji,Jacques Kallis,Gautam Gambhir,Shakib Al Hasan,Ryan ten Doeschate,Manoj Tiwary,Yusuf Pathan,Rajat Bhatia,Shreevats Goswami,Iqbal Abdulla,Kolkata Knight Riders,,7
2011,244,2011-05-20,66th match,Mumbai Indians,Rajasthan Royals,Mumbai,Wankhede Stadium,Mumbai Indians,bat,Sachin Tendulkar,Andrew Symonds,Harbhajan Singh,Lasith Malinga,James Franklin,Munaf Patel,Rohit Sharma,Kieron Pollard,Dhawal Kulkarni,Tirumalsetti Suman,Ambati Rayudu,Rahul Dravid,Shane Warne,Shane Watson,Johan Botha,Ross Taylor,Ajinkya Rahane,Siddharth Trivedi,Ankeet Chavan,Pinal Shah,Amit Singh,Ashok Menaria,Rajasthan Royals,,10
2011,245,2011-05-21,67th match,Kings XI Punjab,Deccan Chargers,Dharamsala,Himachal Pradesh Cricket Association Stadium,Kings XI Punjab,bowl,Adam Gilchrist,Dinesh Karthik,Piyush Chawla,Shaun Marsh,Praveen Kumar,Ryan Harris,Abhishek Nayar,Ryan McLaren,Paul Valthaty,Mandeep Singh,Bhargav Bhatt,Jean-Paul Duminy,Cameron White,Dale Steyn,Pragyan Ojha,Shikhar Dhawan,Amit Mishra,Dwaraka Ravi Teja,Bharath Chipli,Daniel Christian,Anand Rajan,Kedar Devdhar,Deccan Chargers,82,
2011,247,2011-05-22,69th match,Royal Challengers Bangalore,Chennai Super Kings,Bengaluru,M.Chinnaswamy Stadium,Royal Challengers Bangalore,bowl,Mohammad Kaif,Zaheer Khan,Daniel Vettori,Chris Gayle,AB de Villiers,Luke Pomersbach,Virat Kohli,Saurabh Tiwary,Abhimanyu Mithun,Sreenath Aravind,Mayank Agarwal,Dwayne Bravo,MS Dhoni,Suresh Raina,Albie Morkel,Doug Bollinger,S Badrinath,Wriddhiman Saha,Ravichandran Ashwin,Murali Vijay,Shadab Jakati,Michael Hussey,Royal Challengers Bangalore,,8
2011,248,2011-05-22,70th match,Kolkata Knight Riders,Mumbai Indians,Kolkata,Eden Gardens,Mumbai Indians,bowl,Brett Lee,Lakshmipathy Balaji,Jacques Kallis,Gautam Gambhir,Shakib Al Hasan,Ryan ten Doeschate,Manoj Tiwary,Yusuf Pathan,Rajat Bhatia,Shreevats Goswami,Iqbal Abdulla,Sachin Tendulkar,Harbhajan Singh,Lasith Malinga,James Franklin,Rohit Sharma,Kieron Pollard,Ray Price,Tirumalsetti Suman,Ambati Rayudu,Rajagopal Sathish,Abu Nechim,Mumbai Indians,,5
2011,249,2011-05-24,Qualifier 1 (1st v 2nd),Royal Challengers Bangalore,Chennai Super Kings,Mumbai,Wankhede Stadium,Chennai Super Kings,bowl,Mohammad Kaif,Zaheer Khan,Daniel Vettori,Chris Gayle,AB de Villiers,Luke Pomersbach,Virat Kohli,Saurabh Tiwary,Abhimanyu Mithun,Sreenath Aravind,Mayank Agarwal,Dwayne Bravo,MS Dhoni,Suresh Raina,Albie Morkel,Doug Bollinger,S Badrinath,Wriddhiman Saha,Ravichandran Ashwin,Murali Vijay,Shadab Jakati,Michael Hussey,Chennai Super Kings,,6
2011,250,2011-05-25,Eliminator (3rd v 4th),Mumbai Indians,Kolkata Knight Riders,Mumbai,Wankhede Stadium,Mumbai Indians,bowl,Sachin Tendulkar,Harbhajan Singh,Lasith Malinga,James Franklin,Munaf Patel,Rohit Sharma,Kieron Pollard,Dhawal Kulkarni,Aiden Blizzard,Tirumalsetti Suman,Ambati Rayudu,Brett Lee,Lakshmipathy Balaji,Jacques Kallis,Gautam Gambhir,Shakib Al Hasan,Ryan ten Doeschate,Manoj Tiwary,Yusuf Pathan,Rajat Bhatia,Shreevats Goswami,Iqbal Abdulla,Mumbai Indians,,4
2011,251,2011-05-27,Qualifier 2 (Winner of Eliminator v Loser of Qualifier 1),Mumbai Indians,Royal Challengers Bangalore,Chennai,MA Chidambaram Stadium,Mumbai Indians,bowl,Sachin Tendulkar,Harbhajan Singh,Lasith Malinga,James Franklin,Munaf Patel,Rohit Sharma,Kieron Pollard,Aiden Blizzard,Ambati Rayudu,Rajagopal Sathish,Abu Nechim,Zaheer Khan,Daniel Vettori,Chris Gayle,AB de Villiers,Luke Pomersbach,Virat Kohli,Saurabh Tiwary,Abhimanyu Mithun,Sreenath Aravind,Mayank Agarwal,JS Mohammad,Royal Challengers Bangalore,43,
2011,252,2011-05-28,Final,Chennai Super Kings,Royal Challengers Bangalore,Chennai,MA Chidambaram Stadium,Chennai Super Kings,bat,Dwayne Bravo,MS Dhoni,Suresh Raina,Albie Morkel,Doug Bollinger,S Badrinath,Wriddhiman Saha,Ravichandran Ashwin,Murali Vijay,Shadab Jakati,Michael Hussey,Zaheer Khan,Daniel Vettori,Chris Gayle,AB de Villiers,Luke Pomersbach,Virat Kohli,Saurabh Tiwary,Abhimanyu Mithun,Sreenath Aravind,Mayank Agarwal,JS Mohammad,Chennai Super Kings,58,
