m_id,year,date,match_no,team1,team2,city,venue,toss_winner,toss_decision,t1_p1,t1_p2,t1_p3,t1_p4,t1_p5,t1_p6,t1_p7,t1_p8,t1_p9,t1_p10,t1_p11,t2_p1,t2_p2,t2_p3,t2_p4,t2_p5,t2_p6,t2_p7,t2_p8,t2_p9,t2_p10,t2_p11,winner,win_runs,win_wicket
,,,,,,,,,,,,,,,,,,,,,,,,,,,,,,,,,,
2008,1,18-04-2008,1st match,Royal Challengers Bangalore,Kolkata Knight Riders,Bengaluru,M.Chinnaswamy Stadium,Royal Challengers Bangalore,bowl,Rahul Dravid,Zaheer Khan,Mark Boucher,Jacques Kallis,Cameron White,Wasim Jaffer,Praveen Kumar,Ashley Noffke,Virat Kohli,Balachandra Akhil,Sunil Joshi,Sourav Ganguly,Ricky Ponting,Ajit Agarkar,Brendon McCullum,Murali Kartik,Mohammad Hafeez,David Hussey,Ishant Sharma,Wriddhiman Saha,Ashok Dinda,Laxmi Shukla,Kolkata Knight Riders,140,
,,,,,,,,,,,,,,,,,,,,,,,,,,,,,,,,,,
2008,2,19-04-2008,2nd match,Kings XI Punjab,Chennai Super Kings,Mohali,Punjab Cricket Association IS Bindra Stadium,Chennai Super Kings,bat,Brett Lee,Yuvraj Singh,Irfan Pathan,Kumar Sangakkara,Simon Katich,James Hopes,S Sreesanth,Piyush Chawla,Pankaj Dharmani,Karan Goel,Wilkin Mota,Jacob Oram,Parthiv Patel,Muttiah Muralitharan,Matthew Hayden,MS Dhoni,Joginder Sharma,Suresh Raina,S Badrinath,Manpreet Gony,Palani Amarnath,Michael Hussey,Chennai Super Kings,33,
,,,,,,,,,,,,,,,,,,,,,,,,,,,,,,,,,,
2008,3,19-04-2008,3rd match,Delhi Daredevils,Rajasthan Royals,Delhi,Feroz Shah Kotla,Rajasthan Royals,bat,Virender Sehwag,Glenn McGrath,Farveez Maharoof,Dinesh Karthik,Daniel Vettori,Gautam Gambhir,Mithun Manhas,Manoj Tiwary,Brett Geeves,Shikhar Dhawan,Rajat Bhatia,Mohammad Kaif,Shane Warne,Shane Watson,Munaf Patel,Ravindra Jadeja,Yusuf Pathan,Siddharth Trivedi,Taruwar Kohli,Darren Lehmann,Mahesh Rawat,Dinesh Salunkhe,Delhi Daredevils,,9
,,,,,,,,,,,,,,,,,,,,,,,,,,,,,,,,,,
2008,4,20-04-2008,4th match,Kolkata Knight Riders,Deccan Chargers,Kolkata,Eden Gardens,Deccan Chargers,bat,Sourav Ganguly,Ricky Ponting,Ajit Agarkar,Brendon McCullum,Murali Kartik,Mohammad Hafeez,David Hussey,Ishant Sharma,Wriddhiman Saha,Ashok Dinda,Laxmi Shukla,VVS Laxman,Adam Gilchrist,Andrew Symonds,Scott Styris,Chaminda Vaas,Venugopal Rao,RP Singh,Rohit Sharma,Pragyan Ojha,Arjun Yadav,Sanjay Bangar,Kolkata Knight Riders,,5
,,,,,,,,,,,,,,,,,,,,,,,,,,,,,,,,,,
2008,5,20-04-2008,5th match,Mumbai Indians,Royal Challengers Bangalore,Mumbai,Wankhede Stadium,Mumbai Indians,bat,Harbhajan Singh,Sanath Jayasuriya,Shaun Pollock,Ashish Nehra,Robin Uthappa,Luke Ronchi,Dhawal Kulkarni,Abhishek Nayar,Musavir Khote,Pinal Shah,Dominic Thornely,Rahul Dravid,Zaheer Khan,Mark Boucher,Jacques Kallis,Shivnarine Chanderpaul,Ross Taylor,Praveen Kumar,Virat Kohli,Vinay Kumar,Balachandra Akhil,Sunil Joshi,Royal Challengers Bangalore,,5
,,,,,,,,,,,,,,,,,,,,,,,,,,,,,,,,,,
2008,6,21-04-2008,6th match,Rajasthan Royals,Kings XI Punjab,Jaipur,Sawai Mansingh Stadium,Kings XI Punjab,bat,Mohammad Kaif,Kamran Akmal,Shane Warne,Shane Watson,Munaf Patel,Ravindra Jadeja,Yusuf Pathan,Siddharth Trivedi,Darren Lehmann,Dinesh Salunkhe,Pankaj Singh,Brett Lee,Yuvraj Singh,Irfan Pathan,Mahela Jayawardene,Kumar Sangakkara,James Hopes,S Sreesanth,Piyush Chawla,Karan Goel,Wilkin Mota,Sunny Sohal,Rajasthan Royals,,6
,,,,,,,,,,,,,,,,,,,,,,,,,,,,,,,,,,
2008,7,22-04-2008,7th match,Deccan Chargers,Delhi Daredevils,Hyderabad,Rajiv Gandhi International Stadium,Deccan Chargers,bat,VVS Laxman,Adam Gilchrist,Andrew Symonds,Chaminda Vaas,Shahid Afridi,Venugopal Rao,RP Singh,Rohit Sharma,Pragyan Ojha,Arjun Yadav,Sanjay Bangar,Virender Sehwag,Shoaib Malik,Glenn McGrath,Farveez Maharoof,Dinesh Karthik,Gautam Gambhir,Mohammad Asif,Manoj Tiwary,Shikhar Dhawan,Rajat Bhatia,Yo Mahesh,Delhi Daredevils,,9
,,,,,,,,,,,,,,,,,,,,,,,,,,,,,,,,,,
2008,8,23-04-2008,8th match,Chennai Super Kings,Mumbai Indians,Chennai,MA Chidambaram Stadium,Mumbai Indians,bowl,Jacob Oram,Parthiv Patel,Muttiah Muralitharan,Matthew Hayden,MS Dhoni,Joginder Sharma,Suresh Raina,S Badrinath,Manpreet Gony,Palani Amarnath,Michael Hussey,Harbhajan Singh,Sanath Jayasuriya,Shaun Pollock,Dwayne Bravo,Ashish Nehra,Robin Uthappa,Luke Ronchi,Dhawal Kulkarni,Abhishek Nayar,Musavir Khote,Vikrant Yeligati,Chennai Super Kings,6,
,,,,,,,,,,,,,,,,,,,,,,,,,,,,,,,,,,
2008,9,24-04-2008,9th match,Deccan Chargers,Rajasthan Royals,Hyderabad,Rajiv Gandhi International Stadium,Rajasthan Royals,bowl,VVS Laxman,Adam Gilchrist,Andrew Symonds,Chaminda Vaas,Shahid Afridi,RP Singh,Rohit Sharma,Pragyan Ojha,Arjun Yadav,Sanjay Bangar,Doddapaneni Kalyankrishna,Mohammad Kaif,Kamran Akmal,Shane Warne,Shane Watson,Graeme Smith,Munaf Patel,Ravindra Jadeja,Yusuf Pathan,Siddharth Trivedi,Dinesh Salunkhe,Pankaj Singh,Rajasthan Royals,,3
,,,,,,,,,,,,,,,,,,,,,,,,,,,,,,,,,,
2008,10,25-04-2008,10th match,Kings XI Punjab,Mumbai Indians,Mohali,Punjab Cricket Association IS Bindra Stadium,Mumbai Indians,bowl,Brett Lee,Yuvraj Singh,Irfan Pathan,Mahela Jayawardene,Kumar Sangakkara,Ramnaresh Sarwan,Vikram Singh,S Sreesanth,Piyush Chawla,Karan Goel,Sunny Sohal,Harbhajan Singh,Sanath Jayasuriya,Shaun Pollock,Dwayne Bravo,Ashish Nehra,Robin Uthappa,Luke Ronchi,Dhawal Kulkarni,Abhishek Nayar,Saurabh Tiwary,Musavir Khote,Kings XI Punjab,66,
,,,,,,,,,,,,,,,,,,,,,,,,,,,,,,,,,,
2008,11,26-04-2008,11th match,Chennai Super Kings,Kolkata Knight Riders,Chennai,MA Chidambaram Stadium,Kolkata Knight Riders,bat,Jacob Oram,Parthiv Patel,Muttiah Muralitharan,Matthew Hayden,MS Dhoni,Joginder Sharma,Suresh Raina,S Badrinath,Manpreet Gony,Palani Amarnath,Michael Hussey,Sourav Ganguly,Ricky Ponting,Ajit Agarkar,Brendon McCullum,Murali Kartik,Mohammad Hafeez,David Hussey,Ishant Sharma,Wriddhiman Saha,Ashok Dinda,Laxmi Shukla,Chennai Super Kings,,9
,,,,,,,,,,,,,,,,,,,,,,,,,,,,,,,,,,
2008,12,26-04-2008,12th match,Royal Challengers Bangalore,Rajasthan Royals,Bengaluru,M.Chinnaswamy Stadium,Rajasthan Royals,bowl,Rahul Dravid,Zaheer Khan,Anil Kumble,Mark Boucher,Jacques Kallis,Shivnarine Chanderpaul,Ross Taylor,Praveen Kumar,Virat Kohli,Vinay Kumar,Sunil Joshi,Mohammad Kaif,Shane Warne,Shane Watson,Graeme Smith,Munaf Patel,Ravindra Jadeja,Yusuf Pathan,Sohail Tanvir,Siddharth Trivedi,Mahesh Rawat,Dinesh Salunkhe,Rajasthan Royals,,7
,,,,,,,,,,,,,,,,,,,,,,,,,,,,,,,,,,
2008,13,27-04-2008,13th match,Kings XI Punjab,Delhi Daredevils,Mohali,Punjab Cricket Association IS Bindra Stadium,Delhi Daredevils,bat,Brett Lee,Yuvraj Singh,Irfan Pathan,Mahela Jayawardene,Kumar Sangakkara,Simon Katich,Vikram Singh,S Sreesanth,Piyush Chawla,Tanmay Srivastava,Karan Goel,Virender Sehwag,Shoaib Malik,Glenn McGrath,Farveez Maharoof,Dinesh Karthik,Gautam Gambhir,Mohammad Asif,Manoj Tiwary,Shikhar Dhawan,Rajat Bhatia,Yo Mahesh,Kings XI Punjab,,4
,,,,,,,,,,,,,,,,,,,,,,,,,,,,,,,,,,
2008,14,27-04-2008,14th match,Mumbai Indians,Deccan Chargers,Mumbai,Dr DY Patil Sports Academy,Deccan Chargers,bowl,Sanath Jayasuriya,Shaun Pollock,Dwayne Bravo,Ashish Nehra,Robin Uthappa,Luke Ronchi,Ajinkya Rahane,Dhawal Kulkarni,Abhishek Nayar,Siddharth Chitnis,Musavir Khote,VVS Laxman,Adam Gilchrist,Andrew Symonds,Nuwan Zoysa,Shahid Afridi,RP Singh,Rohit Sharma,Pragyan Ojha,Arjun Yadav,Sanjay Bangar,Doddapaneni Kalyankrishna,Deccan Chargers,,10
,,,,,,,,,,,,,,,,,,,,,,,,,,,,,,,,,,
2008,15,28-04-2008,15th match,Royal Challengers Bangalore,Chennai Super Kings,Bengaluru,M.Chinnaswamy Stadium,Chennai Super Kings,bat,Rahul Dravid,Zaheer Khan,Mark Boucher,Jacques Kallis,Wasim Jaffer,Dale Steyn,Ross Taylor,Praveen Kumar,Virat Kohli,Balachandra Akhil,Bharath Chipli,Jacob Oram,Parthiv Patel,Matthew Hayden,MS Dhoni,Joginder Sharma,Suresh Raina,Albie Morkel,S Badrinath,Manpreet Gony,Palani Amarnath,Michael Hussey,Chennai Super Kings,13,
,,,,,,,,,,,,,,,,,,,,,,,,,,,,,,,,,,
2008,16,29-04-2008,16th match,Kolkata Knight Riders,Mumbai Indians,Kolkata,Eden Gardens,Kolkata Knight Riders,bat,Sourav Ganguly,Ricky Ponting,Ajit Agarkar,Brendon McCullum,Murali Kartik,Mohammad Hafeez,David Hussey,Ishant Sharma,Ashok Dinda,Laxmi Shukla,Debabrata Das,Sanath Jayasuriya,Shaun Pollock,Dilhara Fernando,Dwayne Bravo,Ashish Nehra,Robin Uthappa,Ajinkya Rahane,Dhawal Kulkarni,Abhishek Nayar,Manish Pandey,Pinal Shah,Mumbai Indians,,7
,,,,,,,,,,,,,,,,,,,,,,,,,,,,,,,,,,
2008,17,30-04-2008,17th match,Delhi Daredevils,Royal Challengers Bangalore,Delhi,Feroz Shah Kotla,Royal Challengers Bangalore,bowl,Virender Sehwag,Shoaib Malik,Glenn McGrath,Dinesh Karthik,Daniel Vettori,Gautam Gambhir,Mohammad Asif,Manoj Tiwary,Shikhar Dhawan,Rajat Bhatia,Yo Mahesh,Rahul Dravid,Zaheer Khan,Mark Boucher,Jacques Kallis,Wasim Jaffer,Dale Steyn,Ross Taylor,Praveen Kumar,Virat Kohli,Vinay Kumar,Sunil Joshi,Delhi Daredevils,10,
,,,,,,,,,,,,,,,,,,,,,,,,,,,,,,,,,,
2008,18,01-05-2008,18th match,Rajasthan Royals,Kolkata Knight Riders,Jaipur,Sawai Mansingh Stadium,Rajasthan Royals,bat,Mohammad Kaif,Shane Warne,Shane Watson,Graeme Smith,Munaf Patel,Ravindra Jadeja,Yusuf Pathan,Sohail Tanvir,Swapnil Asnodkar,Siddharth Trivedi,Mahesh Rawat,Sourav Ganguly,Salman Butt,Ajit Agarkar,Brad Hodge,Umar Gul,David Hussey,Ishant Sharma,Wriddhiman Saha,Ashok Dinda,Laxmi Shukla,Debabrata Das,Rajasthan Royals,45,
,,,,,,,,,,,,,,,,,,,,,,,,,,,,,,,,,,
2008,19,01-05-2008,19th match,Deccan Chargers,Kings XI Punjab,Hyderabad,Rajiv Gandhi International Stadium,Kings XI Punjab,bowl,VVS Laxman,Adam Gilchrist,Nuwan Zoysa,Shahid Afridi,Herschelle Gibbs,Venugopal Rao,RP Singh,Rohit Sharma,Pragyan Ojha,Sanjay Bangar,Doddapaneni Kalyankrishna,Yuvraj Singh,Irfan Pathan,Mahela Jayawardene,Kumar Sangakkara,Ramnaresh Sarwan,Vikram Singh,S Sreesanth,Piyush Chawla,Shaun Marsh,Gagandeep Singh,Karan Goel,Kings XI Punjab,,7
,,,,,,,,,,,,,,,,,,,,,,,,,,,,,,,,,,
2008,20,02-05-2008,20th match,Chennai Super Kings,Delhi Daredevils,Chennai,MA Chidambaram Stadium,Chennai Super Kings,bat,Stephen Fleming,Parthiv Patel,Muttiah Muralitharan,Makhaya Ntini,MS Dhoni,Joginder Sharma,Suresh Raina,Vidyut Sivaramakrishnan,Albie Morkel,S Badrinath,Manpreet Gony,Virender Sehwag,Shoaib Malik,Glenn McGrath,Dinesh Karthik,Gautam Gambhir,Mohammad Asif,AB de Villiers,Shikhar Dhawan,Rajat Bhatia,Pradeep Sangwan,Yo Mahesh,Delhi Daredevils,,8
,,,,,,,,,,,,,,,,,,,,,,,,,,,,,,,,,,
2008,21,03-05-2008,21st match,Royal Challengers Bangalore,Deccan Chargers,Bengaluru,M.Chinnaswamy Stadium,Deccan Chargers,bowl,Rahul Dravid,Zaheer Khan,Anil Kumble,Mark Boucher,Jacques Kallis,Misbah-ul-Haq,Wasim Jaffer,Dale Steyn,Praveen Kumar,Virat Kohli,Bharath Chipli,VVS Laxman,Adam Gilchrist,Scott Styris,Shahid Afridi,Herschelle Gibbs,RP Singh,Rohit Sharma,Pragyan Ojha,Arjun Yadav,Sanjay Bangar,Paidikalva Vijaykumar,Royal Challengers Bangalore,3,
,,,,,,,,,,,,,,,,,,,,,,,,,,,,,,,,,,
2008,22,03-05-2008,22nd match,Kings XI Punjab,Kolkata Knight Riders,Mohali,Punjab Cricket Association IS Bindra Stadium,Kings XI Punjab,bat,Yuvraj Singh,Irfan Pathan,Mahela Jayawardene,Kumar Sangakkara,James Hopes,Vikram Singh,S Sreesanth,Piyush Chawla,Shaun Marsh,Gagandeep Singh,Karan Goel,Sourav Ganguly,Ajit Agarkar,Brad Hodge,Mohammad Hafeez,Umar Gul,David Hussey,Ishant Sharma,Wriddhiman Saha,Ashok Dinda,Laxmi Shukla,Debabrata Das,Kings XI Punjab,9,
,,,,,,,,,,,,,,,,,,,,,,,,,,,,,,,,,,
2008,23,04-05-2008,23rd match,Mumbai Indians,Delhi Daredevils,Mumbai,Dr DY Patil Sports Academy,Delhi Daredevils,bowl,Sanath Jayasuriya,Shaun Pollock,Dwayne Bravo,Ashish Nehra,Robin Uthappa,Dhawal Kulkarni,Abhishek Nayar,Yogesh Takawale,Saurabh Tiwary,Rohan Raje,Dominic Thornely,Virender Sehwag,Shoaib Malik,Glenn McGrath,Dinesh Karthik,Gautam Gambhir,Mohammad Asif,AB de Villiers,Shikhar Dhawan,Rajat Bhatia,Pradeep Sangwan,Yo Mahesh,Mumbai Indians,29,
,,,,,,,,,,,,,,,,,,,,,,,,,,,,,,,,,,
2008,24,04-05-2008,24th match,Rajasthan Royals,Chennai Super Kings,Jaipur,Sawai Mansingh Stadium,Chennai Super Kings,bat,Mohammad Kaif,Shane Warne,Shane Watson,Graeme Smith,Munaf Patel,Ravindra Jadeja,Yusuf Pathan,Sohail Tanvir,Swapnil Asnodkar,Siddharth Trivedi,Mahesh Rawat,Stephen Fleming,Parthiv Patel,Muttiah Muralitharan,Makhaya Ntini,MS Dhoni,Joginder Sharma,Suresh Raina,Vidyut Sivaramakrishnan,Albie Morkel,S Badrinath,Manpreet Gony,Rajasthan Royals,,8
,,,,,,,,,,,,,,,,,,,,,,,,,,,,,,,,,,
2008,25,05-05-2008,25th match,Royal Challengers Bangalore,Kings XI Punjab,Bengaluru,M.Chinnaswamy Stadium,Kings XI Punjab,bowl,Rahul Dravid,Zaheer Khan,Anil Kumble,Jacques Kallis,Misbah-ul-Haq,Cameron White,Wasim Jaffer,Dale Steyn,Praveen Kumar,Virat Kohli,Devraj Patil,Yuvraj Singh,Irfan Pathan,Mahela Jayawardene,Ramnaresh Sarwan,James Hopes,Vikram Singh,S Sreesanth,Piyush Chawla,Shaun Marsh,Gagandeep Singh,Uday Kaul,Kings XI Punjab,,6
,,,,,,,,,,,,,,,,,,,,,,,,,,,,,,,,,,
2008,26,06-05-2008,26th match,Chennai Super Kings,Deccan Chargers,Chennai,MA Chidambaram Stadium,Deccan Chargers,bowl,Stephen Fleming,Parthiv Patel,Muttiah Muralitharan,Makhaya Ntini,MS Dhoni,Joginder Sharma,Suresh Raina,Albie Morkel,S Badrinath,Manpreet Gony,Srikkanth Anirudha,Adam Gilchrist,Scott Styris,Shahid Afridi,Herschelle Gibbs,Venugopal Rao,RP Singh,Rohit Sharma,Pragyan Ojha,Arjun Yadav,Sanjay Bangar,Paidikalva Vijaykumar,Deccan Chargers,,7
,,,,,,,,,,,,,,,,,,,,,,,,,,,,,,,,,,
2008,27,07-05-2008,27th match,Mumbai Indians,Rajasthan Royals,Mumbai,Dr DY Patil Sports Academy,Mumbai Indians,bowl,Sanath Jayasuriya,Shaun Pollock,Dwayne Bravo,Ashish Nehra,Robin Uthappa,Dhawal Kulkarni,Abhishek Nayar,Yogesh Takawale,Saurabh Tiwary,Rohan Raje,Dominic Thornely,Mohammad Kaif,Shane Warne,Shane Watson,Graeme Smith,Munaf Patel,Ravindra Jadeja,Yusuf Pathan,Sohail Tanvir,Swapnil Asnodkar,Siddharth Trivedi,Mahesh Rawat,Mumbai Indians,,7
,,,,,,,,,,,,,,,,,,,,,,,,,,,,,,,,,,
2008,28,08-05-2008,28th match,Delhi Daredevils,Chennai Super Kings,Delhi,Feroz Shah Kotla,Chennai Super Kings,bowl,Virender Sehwag,Shoaib Malik,Glenn McGrath,Dinesh Karthik,Gautam Gambhir,Mohammad Asif,AB de Villiers,Manoj Tiwary,Shikhar Dhawan,Pradeep Sangwan,Yo Mahesh,Stephen Fleming,Lakshmipathy Balaji,Muttiah Muralitharan,MS Dhoni,Suresh Raina,Vidyut Sivaramakrishnan,Albie Morkel,Chamara Kapugedera,S Badrinath,Manpreet Gony,Palani Amarnath,Chennai Super Kings,,4
,,,,,,,,,,,,,,,,,,,,,,,,,,,,,,,,,,
2008,29,08-05-2008,29th match,Kolkata Knight Riders,Royal Challengers Bangalore,Kolkata,Eden Gardens,Kolkata Knight Riders,bat,Sourav Ganguly,Tatenda Taibu,Aakash Chopra,Brad Hodge,Murali Kartik,Umar Gul,David Hussey,Ishant Sharma,Wriddhiman Saha,Ashok Dinda,Laxmi Shukla,Rahul Dravid,Zaheer Khan,Anil Kumble,Mark Boucher,Shivnarine Chanderpaul,Cameron White,Dale Steyn,Praveen Kumar,Virat Kohli,Vinay Kumar,Jagadeesh Arunkumar,Kolkata Knight Riders,5,
,,,,,,,,,,,,,,,,,,,,,,,,,,,,,,,,,,
2008,30,09-05-2008,30th match,Rajasthan Royals,Deccan Chargers,Jaipur,Sawai Mansingh Stadium,Rajasthan Royals,bowl,Mohammad Kaif,Shane Warne,Shane Watson,Graeme Smith,Munaf Patel,Ravindra Jadeja,Yusuf Pathan,Sohail Tanvir,Siddharth Trivedi,Niraj Patel,Mahesh Rawat,Adam Gilchrist,Scott Styris,Shahid Afridi,Herschelle Gibbs,Venugopal Rao,RP Singh,Rohit Sharma,Pragyan Ojha,Dwaraka Ravi Teja,Sanjay Bangar,Paidikalva Vijaykumar,Rajasthan Royals,,8
,,,,,,,,,,,,,,,,,,,,,,,,,,,,,,,,,,
2008,31,10-05-2008,31st match,Chennai Super Kings,Kings XI Punjab,Chennai,MA Chidambaram Stadium,Kings XI Punjab,bowl,Stephen Fleming,Lakshmipathy Balaji,Muttiah Muralitharan,MS Dhoni,Suresh Raina,Vidyut Sivaramakrishnan,Albie Morkel,Chamara Kapugedera,S Badrinath,Manpreet Gony,Palani Amarnath,Yuvraj Singh,Irfan Pathan,Mahela Jayawardene,Ramnaresh Sarwan,James Hopes,Vikram Singh,S Sreesanth,Piyush Chawla,Shaun Marsh,Karan Goel,Uday Kaul,Chennai Super Kings,18,
,,,,,,,,,,,,,,,,,,,,,,,,,,,,,,,,,,
2008,32,11-05-2008,32nd match,Deccan Chargers,Kolkata Knight Riders,Hyderabad,Rajiv Gandhi International Stadium,Kolkata Knight Riders,bat,Adam Gilchrist,Scott Styris,Chaminda Vaas,Herschelle Gibbs,Venugopal Rao,RP Singh,Rohit Sharma,Pragyan Ojha,Dwaraka Ravi Teja,Sanjay Bangar,Paidikalva Vijaykumar,Sourav Ganguly,Salman Butt,Tatenda Taibu,Aakash Chopra,Murali Kartik,Umar Gul,David Hussey,Ishant Sharma,Wriddhiman Saha,Ashok Dinda,Laxmi Shukla,Kolkata Knight Riders,23,
,,,,,,,,,,,,,,,,,,,,,,,,,,,,,,,,,,
2008,33,11-05-2008,33rd match,Rajasthan Royals,Delhi Daredevils,Jaipur,Sawai Mansingh Stadium,Rajasthan Royals,bowl,Mohammad Kaif,Shane Warne,Shane Watson,Graeme Smith,Munaf Patel,Ravindra Jadeja,Dimitri Mascarenhas,Yusuf Pathan,Siddharth Trivedi,Niraj Patel,Mahesh Rawat,Virender Sehwag,Glenn McGrath,Tillakaratne Dilshan,Farveez Maharoof,Dinesh Karthik,Gautam Gambhir,AB de Villiers,Shikhar Dhawan,Amit Mishra,Pradeep Sangwan,Yo Mahesh,Rajasthan Royals,,3
,,,,,,,,,,,,,,,,,,,,,,,,,,,,,,,,,,
2008,34,12-05-2008,34th match,Kings XI Punjab,Royal Challengers Bangalore,Mohali,Punjab Cricket Association IS Bindra Stadium,Royal Challengers Bangalore,bat,Yuvraj Singh,Irfan Pathan,Mahela Jayawardene,James Hopes,Vikram Singh,S Sreesanth,Piyush Chawla,Shaun Marsh,Tanmay Srivastava,Luke Pomersbach,Uday Kaul,Rahul Dravid,Zaheer Khan,Anil Kumble,Mark Boucher,Misbah-ul-Haq,Cameron White,Dale Steyn,Praveen Kumar,Virat Kohli,Vinay Kumar,Jagadeesh Arunkumar,Kings XI Punjab,,9
,,,,,,,,,,,,,,,,,,,,,,,,,,,,,,,,,,
2008,35,13-05-2008,35th match,Kolkata Knight Riders,Delhi Daredevils,Kolkata,Eden Gardens,Kolkata Knight Riders,bat,Sourav Ganguly,Shoaib Akhtar,Salman Butt,Tatenda Taibu,Aakash Chopra,David Hussey,Ishant Sharma,Wriddhiman Saha,Ashok Dinda,Laxmi Shukla,Iqbal Abdulla,Virender Sehwag,Glenn McGrath,Tillakaratne Dilshan,Farveez Maharoof,Gautam Gambhir,AB de Villiers,Manoj Tiwary,Shikhar Dhawan,Amit Mishra,Pradeep Sangwan,Yo Mahesh,Kolkata Knight Riders,23,
,,,,,,,,,,,,,,,,,,,,,,,,,,,,,,,,,,
2008,36,14-05-2008,36th match,Mumbai Indians,Chennai Super Kings,Mumbai,Wankhede Stadium,Mumbai Indians,bowl,Sachin Tendulkar,Sanath Jayasuriya,Shaun Pollock,Dwayne Bravo,Ashish Nehra,Robin Uthappa,Dhawal Kulkarni,Abhishek Nayar,Yogesh Takawale,Rohan Raje,Dominic Thornely,Stephen Fleming,Lakshmipathy Balaji,Muttiah Muralitharan,MS Dhoni,Joginder Sharma,Suresh Raina,Vidyut Sivaramakrishnan,Albie Morkel,Chamara Kapugedera,S Badrinath,Manpreet Gony,Mumbai Indians,,9
,,,,,,,,,,,,,,,,,,,,,,,,,,,,,,,,,,
2008,37,15-05-2008,37th match,Delhi Daredevils,Deccan Chargers,Delhi,Feroz Shah Kotla,Deccan Chargers,bowl,Virender Sehwag,Glenn McGrath,Tillakaratne Dilshan,Farveez Maharoof,Dinesh Karthik,Gautam Gambhir,Mohammad Asif,Manoj Tiwary,Shikhar Dhawan,Amit Mishra,Rajat Bhatia,Adam Gilchrist,Scott Styris,Shahid Afridi,Herschelle Gibbs,Venugopal Rao,RP Singh,Rohit Sharma,Pragyan Ojha,Dwaraka Ravi Teja,Sarvesh Kumar,Paidikalva Vijaykumar,Delhi Daredevils,12,
,,,,,,,,,,,,,,,,,,,,,,,,,,,,,,,,,,
2008,38,16-05-2008,38th match,Mumbai Indians,Kolkata Knight Riders,Mumbai,Wankhede Stadium,Mumbai Indians,bowl,Sachin Tendulkar,Sanath Jayasuriya,Shaun Pollock,Dwayne Bravo,Ashish Nehra,Robin Uthappa,Rajesh Pawar,Abhishek Nayar,Yogesh Takawale,Rohan Raje,Dominic Thornely,Sourav Ganguly,Shoaib Akhtar,Salman Butt,Ajit Agarkar,Aakash Chopra,Mohammad Hafeez,David Hussey,Ishant Sharma,Wriddhiman Saha,Ashok Dinda,Laxmi Shukla,Mumbai Indians,,8
,,,,,,,,,,,,,,,,,,,,,,,,,,,,,,,,,,
2008,39,17-05-2008,39th match,Rajasthan Royals,Royal Challengers Bangalore,Jaipur,Sawai Mansingh Stadium,Royal Challengers Bangalore,bowl,Mohammad Kaif,Shane Warne,Shane Watson,Graeme Smith,Munaf Patel,Ravindra Jadeja,Yusuf Pathan,Sohail Tanvir,Swapnil Asnodkar,Siddharth Trivedi,Mahesh Rawat,Rahul Dravid,Zaheer Khan,Anil Kumble,Abdur Razzak,Jacques Kallis,Misbah-ul-Haq,Cameron White,Praveen Kumar,Virat Kohli,Jagadeesh Arunkumar,Devraj Patil,Rajasthan Royals,65,
,,,,,,,,,,,,,,,,,,,,,,,,,,,,,,,,,,
2008,40,17-05-2008,40th match,Delhi Daredevils,Kings XI Punjab,Delhi,Feroz Shah Kotla,Delhi Daredevils,bat,Virender Sehwag,Shoaib Malik,Glenn McGrath,Tillakaratne Dilshan,Farveez Maharoof,Dinesh Karthik,Gautam Gambhir,Shikhar Dhawan,Amit Mishra,Rajat Bhatia,Pradeep Sangwan,Yuvraj Singh,Irfan Pathan,Mahela Jayawardene,James Hopes,Vikram Singh,S Sreesanth,Piyush Chawla,Ramesh Powar,Shaun Marsh,Luke Pomersbach,Uday Kaul,Kings XI Punjab,6,
,,,,,,,,,,,,,,,,,,,,,,,,,,,,,,,,,,
2008,41,18-05-2008,41st match,Kolkata Knight Riders,Chennai Super Kings,Kolkata,Eden Gardens,Kolkata Knight Riders,bat,Sourav Ganguly,Shoaib Akhtar,Salman Butt,Ajit Agarkar,Mohammad Hafeez,David Hussey,Ishant Sharma,Wriddhiman Saha,Ashok Dinda,Laxmi Shukla,Debabrata Das,Stephen Fleming,Parthiv Patel,Lakshmipathy Balaji,Muttiah Muralitharan,Makhaya Ntini,MS Dhoni,Suresh Raina,Vidyut Sivaramakrishnan,Albie Morkel,S Badrinath,Manpreet Gony,Chennai Super Kings,3,
,,,,,,,,,,,,,,,,,,,,,,,,,,,,,,,,,,
2008,42,18-05-2008,42nd match,Deccan Chargers,Mumbai Indians,Hyderabad,Rajiv Gandhi International Stadium,Deccan Chargers,bowl,Adam Gilchrist,Nuwan Zoysa,Shahid Afridi,Venugopal Rao,RP Singh,Rohit Sharma,Chamara Silva,Pragyan Ojha,Dwaraka Ravi Teja,Halhadar Das,Paidikalva Vijaykumar,Sachin Tendulkar,Sanath Jayasuriya,Dilhara Fernando,Dwayne Bravo,Ashish Nehra,Robin Uthappa,Abhishek Nayar,Yogesh Takawale,Rohan Raje,Pinal Shah,Dominic Thornely,Mumbai Indians,25,
,,,,,,,,,,,,,,,,,,,,,,,,,,,,,,,,,,
2008,43,19-05-2008,43rd match,Royal Challengers Bangalore,Delhi Daredevils,Bengaluru,M.Chinnaswamy Stadium,Delhi Daredevils,bowl,Rahul Dravid,Zaheer Khan,Anil Kumble,Jacques Kallis,Misbah-ul-Haq,Cameron White,Dale Steyn,Praveen Kumar,Balachandra Akhil,Bharath Chipli,Shreevats Goswami,Virender Sehwag,Glenn McGrath,Tillakaratne Dilshan,Farveez Maharoof,Dinesh Karthik,Gautam Gambhir,AB de Villiers,Shikhar Dhawan,Rajat Bhatia,Pradeep Sangwan,Yo Mahesh,Delhi Daredevils,,5
,,,,,,,,,,,,,,,,,,,,,,,,,,,,,,,,,,
2008,44,20-05-2008,44th match,Kolkata Knight Riders,Rajasthan Royals,Kolkata,Eden Gardens,Rajasthan Royals,bowl,Sourav Ganguly,Salman Butt,Ajit Agarkar,Mohammad Hafeez,Umar Gul,David Hussey,Ishant Sharma,Wriddhiman Saha,Ashok Dinda,Laxmi Shukla,Debabrata Das,Mohammad Kaif,Shane Warne,Shane Watson,Graeme Smith,Munaf Patel,Ravindra Jadeja,Yusuf Pathan,Sohail Tanvir,Swapnil Asnodkar,Siddharth Trivedi,Mahesh Rawat,Rajasthan Royals,,6
,,,,,,,,,,,,,,,,,,,,,,,,,,,,,,,,,,
2008,45,21-05-2008,45th match,Mumbai Indians,Kings XI Punjab,Mumbai,Wankhede Stadium,Mumbai Indians,bowl,Sachin Tendulkar,Sanath Jayasuriya,Shaun Pollock,Dilhara Fernando,Dwayne Smith,Ashish Nehra,Robin Uthappa,Abhishek Nayar,Siddharth Chitnis,Pinal Shah,Vikrant Yeligati,Yuvraj Singh,Irfan Pathan,Mahela Jayawardene,James Hopes,Vikram Singh,S Sreesanth,Piyush Chawla,Shaun Marsh,Tanmay Srivastava,Luke Pomersbach,Uday Kaul,Kings XI Punjab,,1
,,,,,,,,,,,,,,,,,,,,,,,,,,,,,,,,,,
2008,46,21-05-2008,46th match,Chennai Super Kings,Royal Challengers Bangalore,Chennai,MA Chidambaram Stadium,Royal Challengers Bangalore,bat,Stephen Fleming,Parthiv Patel,Lakshmipathy Balaji,Muttiah Muralitharan,Makhaya Ntini,MS Dhoni,Suresh Raina,Vidyut Sivaramakrishnan,Albie Morkel,S Badrinath,Manpreet Gony,Rahul Dravid,Anil Kumble,Mark Boucher,Jacques Kallis,Misbah-ul-Haq,Dale Steyn,Praveen Kumar,Virat Kohli,Vinay Kumar,Balachandra Akhil,Shreevats Goswami,Royal Challengers Bangalore,14,
,,,,,,,,,,,,,,,,,,,,,,,,,,,,,,,,,,
2008,48,23-05-2008,48th match,Kings XI Punjab,Deccan Chargers,Mohali,Punjab Cricket Association IS Bindra Stadium,Kings XI Punjab,bowl,Yuvraj Singh,Mahela Jayawardene,Kumar Sangakkara,Vikram Singh,S Sreesanth,Piyush Chawla,Ramesh Powar,Shaun Marsh,Tanmay Srivastava,Luke Pomersbach,Gagandeep Singh,Adam Gilchrist,Scott Styris,Herschelle Gibbs,Venugopal Rao,RP Singh,Rohit Sharma,Chamara Silva,Pragyan Ojha,Dwaraka Ravi Teja,Sanjay Bangar,Paidikalva Vijaykumar,Kings XI Punjab,,6
,,,,,,,,,,,,,,,,,,,,,,,,,,,,,,,,,,
2008,49,24-05-2008,49th match,Chennai Super Kings,Rajasthan Royals,Chennai,MA Chidambaram Stadium,Rajasthan Royals,bat,Stephen Fleming,Parthiv Patel,Lakshmipathy Balaji,Muttiah Muralitharan,Makhaya Ntini,MS Dhoni,Suresh Raina,Albie Morkel,S Badrinath,Manpreet Gony,Abhinav Mukund,Mohammad Kaif,Kamran Akmal,Shane Warne,Graeme Smith,Munaf Patel,Yusuf Pathan,Sohail Tanvir,Swapnil Asnodkar,Taruwar Kohli,Dinesh Salunkhe,Pankaj Singh,Rajasthan Royals,10,
,,,,,,,,,,,,,,,,,,,,,,,,,,,,,,,,,,
2008,50,24-05-2008,50th match,Delhi Daredevils,Mumbai Indians,Delhi,Feroz Shah Kotla,Delhi Daredevils,bowl,Virender Sehwag,Glenn McGrath,Tillakaratne Dilshan,Farveez Maharoof,Dinesh Karthik,Gautam Gambhir,Manoj Tiwary,Brett Geeves,Shikhar Dhawan,Amit Mishra,Yo Mahesh,Sachin Tendulkar,Sanath Jayasuriya,Shaun Pollock,Andre Nel,Dwayne Smith,Ashish Nehra,Robin Uthappa,Dhawal Kulkarni,Abhishek Nayar,Siddharth Chitnis,Pinal Shah,Delhi Daredevils,,5
,,,,,,,,,,,,,,,,,,,,,,,,,,,,,,,,,,
2008,51,25-05-2008,51st match,Deccan Chargers,Royal Challengers Bangalore,Hyderabad,Rajiv Gandhi International Stadium,Deccan Chargers,bat,Adam Gilchrist,Chaminda Vaas,Herschelle Gibbs,Venugopal Rao,RP Singh,Rohit Sharma,Chamara Silva,Dwaraka Ravi Teja,Arjun Yadav,Sanjay Bangar,Paidikalva Vijaykumar,Rahul Dravid,Anil Kumble,Jacques Kallis,Misbah-ul-Haq,Cameron White,Wasim Jaffer,Dale Steyn,Virat Kohli,Vinay Kumar,Balachandra Akhil,Shreevats Goswami,Royal Challengers Bangalore,,5
,,,,,,,,,,,,,,,,,,,,,,,,,,,,,,,,,,
2008,52,25-05-2008,52nd match,Kolkata Knight Riders,Kings XI Punjab,Kolkata,Eden Gardens,Kings XI Punjab,bat,Sourav Ganguly,Salman Butt,Aakash Chopra,Umar Gul,David Hussey,Ishant Sharma,Ajantha Mendis,Wriddhiman Saha,Ashok Dinda,Laxmi Shukla,Debabrata Das,Yuvraj Singh,Irfan Pathan,Mahela Jayawardene,Kumar Sangakkara,James Hopes,Vikram Singh,S Sreesanth,Piyush Chawla,Ramesh Powar,Shaun Marsh,Tanmay Srivastava,Kolkata Knight Riders,,3
,,,,,,,,,,,,,,,,,,,,,,,,,,,,,,,,,,
2008,53,26-05-2008,53rd match,Rajasthan Royals,Mumbai Indians,Jaipur,Sawai Mansingh Stadium,Rajasthan Royals,bowl,Mohammad Kaif,Kamran Akmal,Shane Warne,Shane Watson,Ravindra Jadeja,Yusuf Pathan,Sohail Tanvir,Swapnil Asnodkar,Siddharth Trivedi,Niraj Patel,Pankaj Singh,Sachin Tendulkar,Sanath Jayasuriya,Shaun Pollock,Dilhara Fernando,Dwayne Smith,Ashish Nehra,Robin Uthappa,Abhishek Nayar,Yogesh Takawale,Rohan Raje,Manish Pandey,Rajasthan Royals,,5
,,,,,,,,,,,,,,,,,,,,,,,,,,,,,,,,,,
2008,54,27-05-2008,54th match,Deccan Chargers,Chennai Super Kings,Hyderabad,Rajiv Gandhi International Stadium,Deccan Chargers,bat,Adam Gilchrist,Scott Styris,Shahid Afridi,Herschelle Gibbs,Venugopal Rao,RP Singh,Pragyan Ojha,Dwaraka Ravi Teja,Arjun Yadav,Sarvesh Kumar,Paidikalva Vijaykumar,Stephen Fleming,Parthiv Patel,Lakshmipathy Balaji,Muttiah Muralitharan,Makhaya Ntini,MS Dhoni,Suresh Raina,Albie Morkel,S Badrinath,Manpreet Gony,Abhinav Mukund,Chennai Super Kings,,7
,,,,,,,,,,,,,,,,,,,,,,,,,,,,,,,,,,
2008,55,28-05-2008,55th match,Royal Challengers Bangalore,Mumbai Indians,Bengaluru,M.Chinnaswamy Stadium,Mumbai Indians,bowl,Rahul Dravid,Anil Kumble,Mark Boucher,Misbah-ul-Haq,Cameron White,Dale Steyn,Praveen Kumar,Virat Kohli,Vinay Kumar,Balachandra Akhil,Shreevats Goswami,Sachin Tendulkar,Sanath Jayasuriya,Shaun Pollock,Dilhara Fernando,Dwayne Smith,Ashish Nehra,Robin Uthappa,Dhawal Kulkarni,Abhishek Nayar,Yogesh Takawale,Manish Pandey,Mumbai Indians,,9
,,,,,,,,,,,,,,,,,,,,,,,,,,,,,,,,,,
2008,57,30-05-2008,1st Semi-Final,Delhi Daredevils,Rajasthan Royals,Mumbai,Wankhede Stadium,Delhi Daredevils,bowl,Virender Sehwag,Glenn McGrath,Tillakaratne Dilshan,Farveez Maharoof,Dinesh Karthik,Gautam Gambhir,Mohammad Asif,Manoj Tiwary,Shikhar Dhawan,Amit Mishra,Yo Mahesh,Mohammad Kaif,Shane Warne,Shane Watson,Graeme Smith,Munaf Patel,Ravindra Jadeja,Yusuf Pathan,Sohail Tanvir,Swapnil Asnodkar,Siddharth Trivedi,Mahesh Rawat,Rajasthan Royals,105,
,,,,,,,,,,,,,,,,,,,,,,,,,,,,,,,,,,
2008,58,31-05-2008,2nd Semi-Final,Chennai Super Kings,Kings XI Punjab,Mumbai,Wankhede Stadium,Kings XI Punjab,bat,Parthiv Patel,Lakshmipathy Balaji,Muttiah Muralitharan,Makhaya Ntini,MS Dhoni,Suresh Raina,Vidyut Sivaramakrishnan,Albie Morkel,Chamara Kapugedera,S Badrinath,Manpreet Gony,Yuvraj Singh,Irfan Pathan,Mahela Jayawardene,Kumar Sangakkara,James Hopes,Vikram Singh,S Sreesanth,Piyush Chawla,Ramesh Powar,Shaun Marsh,Wilkin Mota,Chennai Super Kings,,9
,,,,,,,,,,,,,,,,,,,,,,,,,,,,,,,,,,
2008,59,01-06-2008,Final,Chennai Super Kings,Rajasthan Royals,Mumbai,Dr DY Patil Sports Academy,Rajasthan Royals,bowl,Parthiv Patel,Lakshmipathy Balaji,Muttiah Muralitharan,Makhaya Ntini,MS Dhoni,Suresh Raina,Vidyut Sivaramakrishnan,Albie Morkel,Chamara Kapugedera,S Badrinath,Manpreet Gony,Mohammad Kaif,Kamran Akmal,Shane Warne,Shane Watson,Munaf Patel,Ravindra Jadeja,Yusuf Pathan,Sohail Tanvir,Swapnil Asnodkar,Siddharth Trivedi,Niraj Patel,Rajasthan Royals,,3
,,,,,,,,,,,,,,,,,,,,,,,,,,,,,,,,,,
2008,56,28-05-2008,56th match,Kings XI Punjab,Rajasthan Royals,Mohali,Punjab Cricket Association IS Bindra Stadium,Rajasthan Royals,bowl,Yuvraj Singh,Irfan Pathan,Kumar Sangakkara,James Hopes,Vikram Singh,S Sreesanth,Piyush Chawla,Ramesh Powar,Shaun Marsh,Luke Pomersbach,Wilkin Mota,Mohammad Kaif,Kamran Akmal,Younis Khan,Shane Watson,Munaf Patel,Yusuf Pathan,Siddharth Trivedi,Niraj Patel,Mahesh Rawat,Dinesh Salunkhe,Pankaj Singh,Kings XI Punjab,41,
2009,60,2009-04-18,1st match,Chennai Super Kings,Mumbai Indians,Cape Town,Newlands,Chennai Super Kings,bowl,Jacob Oram,Andrew Flintoff,Parthiv Patel,Matthew Hayden,MS Dhoni,Joginder Sharma,Suresh Raina,S Badrinath,Thilan Thushara,Manpreet Gony,Ravichandran Ashwin,Sachin Tendulkar,Zaheer Khan,Harbhajan Singh,Sanath Jayasuriya,Lasith Malinga,Jean-Paul Duminy,Dwayne Bravo,Shikhar Dhawan,Abhishek Nayar,Rohan Raje,Pinal Shah,Mumbai Indians,19,

2009,61,2009-04-18,2nd match,Royal Challengers Bangalore,Rajasthan Royals,Cape Town,Newlands,Royal Challengers Bangalore,bat,Rahul Dravid,Anil Kumble,Kevin Pietersen,Dale Steyn,Ross Taylor,Robin Uthappa,Jesse Ryder,Praveen Kumar,Virat Kohli,Vinay Kumar,Balachandra Akhil,Shane Warne,Graeme Smith,Munaf Patel,Ravindra Jadeja,Tyron Henderson,Dimitri Mascarenhas,Yusuf Pathan,Swapnil Asnodkar,Niraj Patel,Mahesh Rawat,Kamran Khan,Royal Challengers Bangalore,75,

2009,62,2009-04-19,3rd match,Delhi Daredevils,Kings XI Punjab,Cape Town,Newlands,Delhi Daredevils,bowl,Virender Sehwag,Tillakaratne Dilshan,Dinesh Karthik,Daniel Vettori,Gautam Gambhir,AB de Villiers,Manoj Tiwary,Pradeep Sangwan,Dirk Nannes,Yo Mahesh,Aavishkar Salvi,Yuvraj Singh,Irfan Pathan,Mahela Jayawardene,Kumar Sangakkara,Vikram Singh,Piyush Chawla,Ravi Bopara,Yusuf Abdulla,Taruwar Kohli,Karan Goel,Vikramjeet Singh Malik,Delhi Daredevils,,10

2009,63,2009-04-19,4th match,Deccan Chargers,Kolkata Knight Riders,Cape Town,Newlands,Kolkata Knight Riders,bat,VVS Laxman,Adam Gilchrist,Scott Styris,Herschelle Gibbs,Fidel Edwards,Venugopal Rao,RP Singh,Rohit Sharma,Pragyan Ojha,Dwaraka Ravi Teja,Harmeet Singh,Sourav Ganguly,Ajit Agarkar,Brendon McCullum,Chris Gayle,Aakash Chopra,Brad Hodge,Murali Kartik,Ishant Sharma,Moises Henriques,Ashok Dinda,Laxmi Shukla,Deccan Chargers,,8

2009,64,2009-04-20,5th match,Royal Challengers Bangalore,Chennai Super Kings,Port Elizabeth,St George's Park,Chennai Super Kings,bat,Rahul Dravid,Anil Kumble,Jacques Kallis,Kevin Pietersen,Dale Steyn,Ross Taylor,Robin Uthappa,Praveen Kumar,Virat Kohli,Vinay Kumar,Rajesh Bishnoi,Andrew Flintoff,Parthiv Patel,Lakshmipathy Balaji,Muttiah Muralitharan,Matthew Hayden,MS Dhoni,Joginder Sharma,Suresh Raina,Albie Morkel,S Badrinath,Manpreet Gony,Chennai Super Kings,92,

2009,65,2009-04-21,6th match,Kings XI Punjab,Kolkata Knight Riders,Durban,Kingsmead,Kolkata Knight Riders,bowl,Yuvraj Singh,Irfan Pathan,Mahela Jayawardene,Kumar Sangakkara,Vikram Singh,Piyush Chawla,Ravi Bopara,Yusuf Abdulla,Taruwar Kohli,Karan Goel,Vikramjeet Singh Malik,Sourav Ganguly,Brendon McCullum,Chris Gayle,Aakash Chopra,Brad Hodge,Murali Kartik,Ishant Sharma,Moises Henriques,Ashok Dinda,Laxmi Shukla,Yashpal Singh,Kolkata Knight Riders,11,

2009,67,2009-04-22,8th match,Royal Challengers Bangalore,Deccan Chargers,Cape Town,Newlands,Deccan Chargers,bat,Rahul Dravid,Anil Kumble,Jacques Kallis,Kevin Pietersen,Dale Steyn,Robin Uthappa,Jesse Ryder,Praveen Kumar,Virat Kohli,Karn Sharma,Rajesh Bishnoi,VVS Laxman,Adam Gilchrist,Scott Styris,Herschelle Gibbs,Fidel Edwards,Venugopal Rao,RP Singh,Rohit Sharma,Pragyan Ojha,Dwaraka Ravi Teja,Harmeet Singh,Deccan Chargers,24,

2009,68,2009-04-23,9th match,Chennai Super Kings,Delhi Daredevils,Durban,Kingsmead,Delhi Daredevils,bat,Andrew Flintoff,Parthiv Patel,Lakshmipathy Balaji,Muttiah Muralitharan,Matthew Hayden,MS Dhoni,Joginder Sharma,Suresh Raina,Albie Morkel,S Badrinath,Manpreet Gony,Virender Sehwag,Tillakaratne Dilshan,Dinesh Karthik,Daniel Vettori,Ashish Nehra,Gautam Gambhir,AB de Villiers,Manoj Tiwary,Pradeep Sangwan,Dirk Nannes,Aavishkar Salvi,Delhi Daredevils,9,

2009,69,2009-04-23,10th match,Kolkata Knight Riders,Rajasthan Royals,Cape Town,Newlands,Kolkata Knight Riders,bowl,Sourav Ganguly,Ajit Agarkar,Brendon McCullum,Chris Gayle,Brad Hodge,Ishant Sharma,Ajantha Mendis,Laxmi Shukla,Sanjay Bangar,Yashpal Singh,Anureet Singh,Shane Warne,Graeme Smith,Munaf Patel,Ravindra Jadeja,Dimitri Mascarenhas,Yusuf Pathan,Rob Quiney,Mahesh Rawat,Kamran Khan,Paul Valthaty,Abhishek Raut,False,False,False

2009,70,2009-04-24,11th match,Royal Challengers Bangalore,Kings XI Punjab,Durban,Kingsmead,Royal Challengers Bangalore,bat,Rahul Dravid,Anil Kumble,Jacques Kallis,Kevin Pietersen,Ross Taylor,Robin Uthappa,Jesse Ryder,Praveen Kumar,Virat Kohli,Vinay Kumar,Pankaj Singh,Yuvraj Singh,Irfan Pathan,Mahela Jayawardene,Kumar Sangakkara,Vikram Singh,Piyush Chawla,Ravi Bopara,Ranadeb Bose,Yusuf Abdulla,Karan Goel,Wilkin Mota,Kings XI Punjab,,7

2009,71,2009-04-25,12th match,Deccan Chargers,Mumbai Indians,Durban,Kingsmead,Deccan Chargers,bat,VVS Laxman,Adam Gilchrist,Herschelle Gibbs,Dwayne Smith,Fidel Edwards,Venugopal Rao,RP Singh,Rohit Sharma,Pragyan Ojha,Dwaraka Ravi Teja,Harmeet Singh,Sachin Tendulkar,Zaheer Khan,Harbhajan Singh,Sanath Jayasuriya,Lasith Malinga,Jean-Paul Duminy,Dwayne Bravo,Shikhar Dhawan,Dhawal Kulkarni,Abhishek Nayar,Pinal Shah,Deccan Chargers,12,

2009,73,2009-04-26,14th match,Royal Challengers Bangalore,Delhi Daredevils,Port Elizabeth,St George's Park,Royal Challengers Bangalore,bat,Anil Kumble,Mark Boucher,Jacques Kallis,Kevin Pietersen,Ross Taylor,Robin Uthappa,Virat Kohli,Vinay Kumar,Balachandra Akhil,KP Appanna,Pankaj Singh,Virender Sehwag,Tillakaratne Dilshan,Dinesh Karthik,Daniel Vettori,Ashish Nehra,Gautam Gambhir,AB de Villiers,Mithun Manhas,Amit Mishra,Pradeep Sangwan,Dirk Nannes,Delhi Daredevils,,6

2009,74,2009-04-26,15th match,Kings XI Punjab,Rajasthan Royals,Cape Town,Newlands,Kings XI Punjab,bat,Yuvraj Singh,Irfan Pathan,Mahela Jayawardene,Kumar Sangakkara,Vikram Singh,Piyush Chawla,Ramesh Powar,Ravi Bopara,Yusuf Abdulla,Karan Goel,Wilkin Mota,Shane Warne,Graeme Smith,Munaf Patel,Ravindra Jadeja,Dimitri Mascarenhas,Yusuf Pathan,Swapnil Asnodkar,Rob Quiney,Mahesh Rawat,Kamran Khan,Abhishek Raut,Kings XI Punjab,27,

2009,75,2009-04-27,16th match,Chennai Super Kings,Deccan Chargers,Durban,Kingsmead,Deccan Chargers,bowl,Jacob Oram,Parthiv Patel,Lakshmipathy Balaji,Muttiah Muralitharan,Matthew Hayden,MS Dhoni,Joginder Sharma,Suresh Raina,Albie Morkel,S Badrinath,Manpreet Gony,VVS Laxman,Adam Gilchrist,Herschelle Gibbs,Dwayne Smith,Fidel Edwards,Venugopal Rao,RP Singh,Rohit Sharma,Pragyan Ojha,Shoaib Ahmed,Azhar Bilakhia,Deccan Chargers,,6

2009,76,2009-04-27,17th match,Kolkata Knight Riders,Mumbai Indians,Port Elizabeth,St George's Park,Mumbai Indians,bat,Sourav Ganguly,Brendon McCullum,Chris Gayle,Brad Hodge,Ishant Sharma,Ajantha Mendis,Ashok Dinda,Laxmi Shukla,Yashpal Singh,Anureet Singh,Arindam Ghosh,Sachin Tendulkar,Zaheer Khan,Harbhajan Singh,Sanath Jayasuriya,Lasith Malinga,Jean-Paul Duminy,Dwayne Bravo,Shikhar Dhawan,Abhishek Nayar,Saurabh Tiwary,Pinal Shah,Mumbai Indians,92,

2009,77,2009-04-28,18th match,Delhi Daredevils,Rajasthan Royals,Centurion,SuperSport Park,Delhi Daredevils,bat,Virender Sehwag,Tillakaratne Dilshan,Dinesh Karthik,Daniel Vettori,Ashish Nehra,Gautam Gambhir,AB de Villiers,Mithun Manhas,Amit Mishra,Pradeep Sangwan,Dirk Nannes,Shane Warne,Graeme Smith,Munaf Patel,Ravindra Jadeja,Dimitri Mascarenhas,Yusuf Pathan,Swapnil Asnodkar,Rob Quiney,Mahesh Rawat,Kamran Khan,Paul Valthaty,Rajasthan Royals,,5

2009,78,2009-04-29,19th match,Royal Challengers Bangalore,Kolkata Knight Riders,Durban,Kingsmead,Kolkata Knight Riders,bat,Anil Kumble,Mark Boucher,Jacques Kallis,Kevin Pietersen,Praveen Kumar,Virat Kohli,Roelof van der Merwe,KP Appanna,Shreevats Goswami,Manish Pandey,Pankaj Singh,Sourav Ganguly,Ajit Agarkar,Brendon McCullum,Chris Gayle,Brad Hodge,Murali Kartik,Morne van Wyk,Ishant Sharma,Wriddhiman Saha,Ashok Dinda,Laxmi Shukla,Royal Challengers Bangalore,,5

2009,79,2009-04-29,20th match,Kings XI Punjab,Mumbai Indians,Durban,Kingsmead,Kings XI Punjab,bat,Yuvraj Singh,Irfan Pathan,Mahela Jayawardene,Kumar Sangakkara,Piyush Chawla,Ramesh Powar,Ravi Bopara,Yusuf Abdulla,Karan Goel,Wilkin Mota,Vikramjeet Singh Malik,Sachin Tendulkar,Zaheer Khan,Harbhajan Singh,Sanath Jayasuriya,Lasith Malinga,Jean-Paul Duminy,Dwayne Bravo,Shikhar Dhawan,Abhishek Nayar,Saurabh Tiwary,Pinal Shah,Kings XI Punjab,3,

2009,80,2009-04-30,21st match,Deccan Chargers,Delhi Daredevils,Centurion,SuperSport Park,Delhi Daredevils,bowl,Adam Gilchrist,Herschelle Gibbs,Dwayne Smith,Fidel Edwards,Venugopal Rao,RP Singh,Rohit Sharma,Pragyan Ojha,Shoaib Ahmed,Tirumalsetti Suman,Azhar Bilakhia,Virender Sehwag,Tillakaratne Dilshan,Dinesh Karthik,Daniel Vettori,Ashish Nehra,Gautam Gambhir,AB de Villiers,Mithun Manhas,Amit Mishra,Pradeep Sangwan,Dirk Nannes,Delhi Daredevils,,6

2009,81,2009-04-30,22nd match,Chennai Super Kings,Rajasthan Royals,Centurion,SuperSport Park,Rajasthan Royals,bowl,Jacob Oram,Parthiv Patel,Lakshmipathy Balaji,Muttiah Muralitharan,Matthew Hayden,MS Dhoni,Suresh Raina,Albie Morkel,S Badrinath,Sudeep Tyagi,Shadab Jakati,Shane Warne,Graeme Smith,Munaf Patel,Ravindra Jadeja,Dimitri Mascarenhas,Yusuf Pathan,Swapnil Asnodkar,Siddharth Trivedi,Rob Quiney,Mahesh Rawat,Kamran Khan,Chennai Super Kings,38,

2009,82,2009-05-01,23rd match,Kolkata Knight Riders,Mumbai Indians,East London,Buffalo Park,Mumbai Indians,bat,Sourav Ganguly,Ajit Agarkar,Brendon McCullum,Chris Gayle,Brad Hodge,Murali Kartik,Morne van Wyk,Ishant Sharma,Wriddhiman Saha,Ashok Dinda,Laxmi Shukla,Sachin Tendulkar,Zaheer Khan,Harbhajan Singh,Sanath Jayasuriya,Lasith Malinga,Jean-Paul Duminy,Ajinkya Rahane,Abhishek Nayar,Saurabh Tiwary,Pinal Shah,Graham Napier,Mumbai Indians,9,

2009,83,2009-05-01,24th match,Royal Challengers Bangalore,Kings XI Punjab,Durban,Kingsmead,Royal Challengers Bangalore,bat,Anil Kumble,Mark Boucher,Jacques Kallis,Robin Uthappa,Jesse Ryder,Praveen Kumar,Virat Kohli,Roelof van der Merwe,KP Appanna,Shreevats Goswami,Rajesh Bishnoi,Yuvraj Singh,Irfan Pathan,Mahela Jayawardene,Kumar Sangakkara,Simon Katich,Piyush Chawla,Ramesh Powar,Tanmay Srivastava,Yusuf Abdulla,Karan Goel,Vikramjeet Singh Malik,Royal Challengers Bangalore,8,

2009,84,2009-05-02,25th match,Deccan Chargers,Rajasthan Royals,Port Elizabeth,St George's Park,Deccan Chargers,bat,Adam Gilchrist,Herschelle Gibbs,Dwayne Smith,Fidel Edwards,Venugopal Rao,RP Singh,Rohit Sharma,Pragyan Ojha,Shoaib Ahmed,Tirumalsetti Suman,Azhar Bilakhia,Shane Warne,Graeme Smith,Munaf Patel,Ravindra Jadeja,Shane Harwood,Yusuf Pathan,Swapnil Asnodkar,Siddharth Trivedi,Naman Ojha,Lee Carseldine,Abhishek Raut,Rajasthan Royals,,3

2009,85,2009-05-02,26th match,Chennai Super Kings,Delhi Daredevils,Johannesburg,The Wanderers Stadium,Delhi Daredevils,bowl,Jacob Oram,Lakshmipathy Balaji,Muttiah Muralitharan,Matthew Hayden,MS Dhoni,Suresh Raina,Albie Morkel,S Badrinath,Sudeep Tyagi,Murali Vijay,Shadab Jakati,Tillakaratne Dilshan,Dinesh Karthik,Ashish Nehra,Gautam Gambhir,AB de Villiers,Mithun Manhas,Amit Mishra,Rajat Bhatia,Pradeep Sangwan,Dirk Nannes,David Warner,Chennai Super Kings,18,

2009,86,2009-05-03,27th match,Kings XI Punjab,Kolkata Knight Riders,Port Elizabeth,St George's Park,Kolkata Knight Riders,bat,Yuvraj Singh,Irfan Pathan,Mahela Jayawardene,Kumar Sangakkara,Simon Katich,Piyush Chawla,Ramesh Powar,Tanmay Srivastava,Yusuf Abdulla,Sunny Sohal,Vikramjeet Singh Malik,Sourav Ganguly,Ajit Agarkar,Brendon McCullum,Chris Gayle,Brad Hodge,Murali Kartik,Morne van Wyk,Ishant Sharma,Wriddhiman Saha,Ashok Dinda,Laxmi Shukla,Kings XI Punjab,,6

2009,87,2009-05-03,28th match,Royal Challengers Bangalore,Mumbai Indians,Johannesburg,The Wanderers Stadium,Mumbai Indians,bat,Rahul Dravid,Anil Kumble,Mark Boucher,Jacques Kallis,Wasim Jaffer,Robin Uthappa,Praveen Kumar,Virat Kohli,Vinay Kumar,Roelof van der Merwe,Dillon du Preez,Sachin Tendulkar,Zaheer Khan,Harbhajan Singh,Sanath Jayasuriya,Lasith Malinga,Jean-Paul Duminy,Dwayne Bravo,Shikhar Dhawan,Ajinkya Rahane,Abhishek Nayar,Pinal Shah,Royal Challengers Bangalore,,9

2009,88,2009-05-04,29th match,Chennai Super Kings,Deccan Chargers,East London,Buffalo Park,Chennai Super Kings,bat,Jacob Oram,Lakshmipathy Balaji,Muttiah Muralitharan,Matthew Hayden,MS Dhoni,Suresh Raina,Albie Morkel,S Badrinath,Sudeep Tyagi,Murali Vijay,Shadab Jakati,VVS Laxman,Adam Gilchrist,Herschelle Gibbs,Dwayne Smith,Venugopal Rao,RP Singh,Rohit Sharma,Pragyan Ojha,Ryan Harris,Shoaib Ahmed,Tirumalsetti Suman,Chennai Super Kings,78,

2009,89,2009-05-05,30th match,Kings XI Punjab,Rajasthan Royals,Durban,Kingsmead,Kings XI Punjab,bowl,Yuvraj Singh,Irfan Pathan,Mahela Jayawardene,Kumar Sangakkara,Simon Katich,S Sreesanth,Piyush Chawla,Ramesh Powar,Yusuf Abdulla,Karan Goel,Sunny Sohal,Shane Warne,Graeme Smith,Ravindra Jadeja,Shane Harwood,Yusuf Pathan,Siddharth Trivedi,Naman Ojha,Niraj Patel,Lee Carseldine,Amit Singh,Abhishek Raut,Rajasthan Royals,78,

2009,90,2009-05-05,31st match,Delhi Daredevils,Kolkata Knight Riders,Durban,Kingsmead,Kolkata Knight Riders,bat,Tillakaratne Dilshan,Dinesh Karthik,Ashish Nehra,Gautam Gambhir,AB de Villiers,Mithun Manhas,Amit Mishra,Rajat Bhatia,Pradeep Sangwan,Dirk Nannes,David Warner,Sourav Ganguly,Ajit Agarkar,Brendon McCullum,Brad Hodge,Murali Kartik,Morne van Wyk,Ishant Sharma,Moises Henriques,Wriddhiman Saha,Ashok Dinda,Yashpal Singh,Delhi Daredevils,,9

2009,91,2009-05-06,32nd match,Deccan Chargers,Mumbai Indians,Centurion,SuperSport Park,Deccan Chargers,bat,Adam Gilchrist,Herschelle Gibbs,Dwayne Smith,Venugopal Rao,RP Singh,Rohit Sharma,Ryan Harris,Dwaraka Ravi Teja,Harmeet Singh,Shoaib Ahmed,Tirumalsetti Suman,Sachin Tendulkar,Harbhajan Singh,Sanath Jayasuriya,Lasith Malinga,Jean-Paul Duminy,Dwayne Bravo,Dhawal Kulkarni,Abhishek Nayar,Saurabh Tiwary,Rohan Raje,Pinal Shah,Deccan Chargers,19,

2009,92,2009-05-07,33rd match,Royal Challengers Bangalore,Rajasthan Royals,Centurion,SuperSport Park,Rajasthan Royals,bowl,Rahul Dravid,Anil Kumble,Mark Boucher,Jacques Kallis,Wasim Jaffer,Robin Uthappa,Praveen Kumar,Virat Kohli,Vinay Kumar,Roelof van der Merwe,Dillon du Preez,Shane Warne,Graeme Smith,Munaf Patel,Ravindra Jadeja,Morne Morkel,Yusuf Pathan,Naman Ojha,Niraj Patel,Lee Carseldine,Amit Singh,Abhishek Raut,Rajasthan Royals,,7

2009,93,2009-05-07,34th match,Chennai Super Kings,Kings XI Punjab,Centurion,SuperSport Park,Chennai Super Kings,bat,Lakshmipathy Balaji,Muttiah Muralitharan,Matthew Hayden,MS Dhoni,Suresh Raina,Albie Morkel,S Badrinath,Manpreet Gony,George Bailey,Sudeep Tyagi,Shadab Jakati,Yuvraj Singh,Irfan Pathan,Mahela Jayawardene,Kumar Sangakkara,Simon Katich,Vikram Singh,S Sreesanth,Piyush Chawla,Yusuf Abdulla,Karan Goel,Sunny Sohal,Chennai Super Kings,12,

2009,94,2009-05-08,35th match,Delhi Daredevils,Mumbai Indians,East London,Buffalo Park,Mumbai Indians,bat,Tillakaratne Dilshan,Dinesh Karthik,Ashish Nehra,Gautam Gambhir,AB de Villiers,Mithun Manhas,Amit Mishra,Rajat Bhatia,Pradeep Sangwan,Dirk Nannes,David Warner,Sachin Tendulkar,Harbhajan Singh,Lasith Malinga,Jean-Paul Duminy,Dwayne Bravo,Luke Ronchi,Ajinkya Rahane,Dhawal Kulkarni,Abhishek Nayar,Rohan Raje,Pinal Shah,Delhi Daredevils,,7

2009,95,2009-05-09,36th match,Deccan Chargers,Kings XI Punjab,Kimberley,Diamond Oval,Kings XI Punjab,bowl,Adam Gilchrist,Andrew Symonds,Herschelle Gibbs,Venugopal Rao,RP Singh,Rohit Sharma,Pragyan Ojha,Ryan Harris,Dwaraka Ravi Teja,Shoaib Ahmed,Tirumalsetti Suman,Brett Lee,Yuvraj Singh,Irfan Pathan,Mahela Jayawardene,Kumar Sangakkara,Simon Katich,S Sreesanth,Piyush Chawla,Ramesh Powar,Wilkin Mota,Sunny Sohal,Kings XI Punjab,,3

2009,96,2009-05-09,37th match,Chennai Super Kings,Rajasthan Royals,Kimberley,Diamond Oval,Rajasthan Royals,bat,Jacob Oram,Lakshmipathy Balaji,Muttiah Muralitharan,Matthew Hayden,MS Dhoni,Suresh Raina,Albie Morkel,S Badrinath,Sudeep Tyagi,Murali Vijay,Shadab Jakati,Shane Warne,Graeme Smith,Ravindra Jadeja,Shane Harwood,Yusuf Pathan,Swapnil Asnodkar,Siddharth Trivedi,Naman Ojha,Lee Carseldine,Amit Singh,Abhishek Raut,Chennai Super Kings,,7

2009,97,2009-05-10,38th match,Royal Challengers Bangalore,Mumbai Indians,Port Elizabeth,St George's Park,Mumbai Indians,bat,Rahul Dravid,Anil Kumble,Mark Boucher,Jacques Kallis,Ross Taylor,Robin Uthappa,Virat Kohli,Vinay Kumar,Roelof van der Merwe,KP Appanna,Abhimanyu Mithun,Sachin Tendulkar,Harbhajan Singh,Sanath Jayasuriya,Lasith Malinga,Jean-Paul Duminy,Dwayne Bravo,Ajinkya Rahane,Dhawal Kulkarni,Abhishek Nayar,Chetanya Nanda,Yogesh Takawale,Mumbai Indians,16,

2009,98,2009-05-10,39th match,Delhi Daredevils,Kolkata Knight Riders,Johannesburg,The Wanderers Stadium,Delhi Daredevils,bowl,Tillakaratne Dilshan,Dinesh Karthik,Ashish Nehra,Gautam Gambhir,AB de Villiers,Mithun Manhas,Amit Mishra,Rajat Bhatia,Pradeep Sangwan,Dirk Nannes,David Warner,Sourav Ganguly,Ajit Agarkar,Brendon McCullum,Brad Hodge,Murali Kartik,Morne van Wyk,Ishant Sharma,Moises Henriques,Wriddhiman Saha,Yashpal Singh,Sourav Sarkar,Delhi Daredevils,,7

2009,99,2009-05-11,40th match,Deccan Chargers,Rajasthan Royals,Kimberley,Diamond Oval,Deccan Chargers,bat,Adam Gilchrist,Andrew Symonds,Chaminda Vaas,Dwayne Smith,Venugopal Rao,RP Singh,Rohit Sharma,Pragyan Ojha,Dwaraka Ravi Teja,Shoaib Ahmed,Tirumalsetti Suman,Shane Warne,Graeme Smith,Munaf Patel,Ravindra Jadeja,Morne Morkel,Yusuf Pathan,Swapnil Asnodkar,Siddharth Trivedi,Naman Ojha,Lee Carseldine,Abhishek Raut,Deccan Chargers,53,

2009,100,2009-05-12,41st match,Royal Challengers Bangalore,Kolkata Knight Riders,Centurion,SuperSport Park,Royal Challengers Bangalore,bowl,Rahul Dravid,Anil Kumble,Mark Boucher,Jacques Kallis,Ross Taylor,Robin Uthappa,Jesse Ryder,Virat Kohli,Vinay Kumar,Balachandra Akhil,KP Appanna,Sourav Ganguly,Ajit Agarkar,Brendon McCullum,Murali Kartik,David Hussey,Ishant Sharma,Ajantha Mendis,Wriddhiman Saha,Angelo Mathews,Yashpal Singh,Arindam Ghosh,Royal Challengers Bangalore,,6

2009,101,2009-05-12,42nd match,Kings XI Punjab,Mumbai Indians,Centurion,SuperSport Park,Kings XI Punjab,bat,Brett Lee,Yuvraj Singh,Irfan Pathan,Kumar Sangakkara,Simon Katich,S Sreesanth,Piyush Chawla,Luke Pomersbach,Karan Goel,Wilkin Mota,Sunny Sohal,Sachin Tendulkar,Harbhajan Singh,Sanath Jayasuriya,Lasith Malinga,Jean-Paul Duminy,Dwayne Bravo,Ajinkya Rahane,Dhawal Kulkarni,Abhishek Nayar,Yogesh Takawale,Rohan Raje,Mumbai Indians,,8

2009,102,2009-05-13,43rd match,Deccan Chargers,Delhi Daredevils,Durban,Kingsmead,Deccan Chargers,bowl,Adam Gilchrist,Andrew Symonds,Chaminda Vaas,Dwayne Smith,Venugopal Rao,RP Singh,Rohit Sharma,Pragyan Ojha,Dwaraka Ravi Teja,Shoaib Ahmed,Tirumalsetti Suman,Virender Sehwag,Tillakaratne Dilshan,Dinesh Karthik,Ashish Nehra,Gautam Gambhir,AB de Villiers,Amit Mishra,Rajat Bhatia,Pradeep Sangwan,Dirk Nannes,David Warner,Delhi Daredevils,12,

2009,103,2009-05-14,44th match,Royal Challengers Bangalore,Chennai Super Kings,Durban,Kingsmead,Chennai Super Kings,bat,Rahul Dravid,Anil Kumble,Mark Boucher,Jacques Kallis,Ross Taylor,Robin Uthappa,Praveen Kumar,Virat Kohli,Vinay Kumar,Roelof van der Merwe,Balachandra Akhil,Jacob Oram,Lakshmipathy Balaji,Muttiah Muralitharan,Matthew Hayden,MS Dhoni,Suresh Raina,Albie Morkel,S Badrinath,Sudeep Tyagi,Murali Vijay,Shadab Jakati,Royal Challengers Bangalore,,2

2009,104,2009-05-14,45th match,Mumbai Indians,Rajasthan Royals,Durban,Kingsmead,Rajasthan Royals,bat,Sachin Tendulkar,Harbhajan Singh,Sanath Jayasuriya,Lasith Malinga,Jean-Paul Duminy,Dwayne Bravo,Ajinkya Rahane,Dhawal Kulkarni,Abhishek Nayar,Chetanya Nanda,Yogesh Takawale,Shane Warne,Graeme Smith,Johan Botha,Munaf Patel,Ravindra Jadeja,Yusuf Pathan,Siddharth Trivedi,Naman Ojha,Rob Quiney,Siddharth Chitnis,Abhishek Raut,Rajasthan Royals,2,

2009,105,2009-05-15,46th match,Delhi Daredevils,Kings XI Punjab,Bloemfontein,Mangaung Oval,Kings XI Punjab,bowl,Virender Sehwag,Tillakaratne Dilshan,Farveez Maharoof,Dinesh Karthik,Daniel Vettori,Ashish Nehra,Gautam Gambhir,AB de Villiers,Mithun Manhas,Rajat Bhatia,Pradeep Sangwan,Brett Lee,Yuvraj Singh,Irfan Pathan,Kumar Sangakkara,Simon Katich,S Sreesanth,Piyush Chawla,Ramesh Powar,Luke Pomersbach,Wilkin Mota,Sunny Sohal,Kings XI Punjab,,6

2009,106,2009-05-16,47th match,Chennai Super Kings,Mumbai Indians,Port Elizabeth,St George's Park,Mumbai Indians,bat,Jacob Oram,Parthiv Patel,Lakshmipathy Balaji,Muttiah Muralitharan,Matthew Hayden,MS Dhoni,Suresh Raina,Albie Morkel,S Badrinath,Sudeep Tyagi,Shadab Jakati,Sachin Tendulkar,Harbhajan Singh,Sanath Jayasuriya,Lasith Malinga,Jean-Paul Duminy,Dwayne Bravo,Ajinkya Rahane,Dhawal Kulkarni,Abhishek Nayar,Chetanya Nanda,Yogesh Takawale,Chennai Super Kings,,7

2009,107,2009-05-16,48th match,Deccan Chargers,Kolkata Knight Riders,Johannesburg,The Wanderers Stadium,Deccan Chargers,bowl,Adam Gilchrist,Andrew Symonds,Herschelle Gibbs,Venugopal Rao,RP Singh,Rohit Sharma,Pragyan Ojha,Ryan Harris,Dwaraka Ravi Teja,Harmeet Singh,Tirumalsetti Suman,Sourav Ganguly,Ajit Agarkar,Brendon McCullum,Brad Hodge,Murali Kartik,Mashrafe Mortaza,David Hussey,Ishant Sharma,Wriddhiman Saha,Yashpal Singh,Shoaib Shaikh,Deccan Chargers,,6

2009,108,2009-05-17,49th match,Deccan Chargers,Kings XI Punjab,Johannesburg,The Wanderers Stadium,Deccan Chargers,bowl,Adam Gilchrist,Andrew Symonds,Herschelle Gibbs,Venugopal Rao,RP Singh,Rohit Sharma,Pragyan Ojha,Ryan Harris,Dwaraka Ravi Teja,Jaskaran Singh,Tirumalsetti Suman,Brett Lee,Yuvraj Singh,Irfan Pathan,Kumar Sangakkara,Simon Katich,S Sreesanth,Piyush Chawla,Ramesh Powar,Luke Pomersbach,Wilkin Mota,Sunny Sohal,Kings XI Punjab,,1

2009,109,2009-05-17,50th match,Delhi Daredevils,Rajasthan Royals,Bloemfontein,Mangaung Oval,Delhi Daredevils,bat,Virender Sehwag,Tillakaratne Dilshan,Farveez Maharoof,Dinesh Karthik,Ashish Nehra,Gautam Gambhir,AB de Villiers,Mithun Manhas,Amit Mishra,Dirk Nannes,Aavishkar Salvi,Shane Warne,Graeme Smith,Johan Botha,Munaf Patel,Ravindra Jadeja,Yusuf Pathan,Siddharth Trivedi,Naman Ojha,Rob Quiney,Amit Singh,Abhishek Raut,Delhi Daredevils,14,

2009,110,2009-05-18,51st match,Chennai Super Kings,Kolkata Knight Riders,Centurion,SuperSport Park,Chennai Super Kings,bat,Jacob Oram,Parthiv Patel,Lakshmipathy Balaji,Muttiah Muralitharan,MS Dhoni,Suresh Raina,Albie Morkel,S Badrinath,George Bailey,Sudeep Tyagi,Shadab Jakati,Sourav Ganguly,Ajit Agarkar,Brendon McCullum,Brad Hodge,Murali Kartik,David Hussey,Ajantha Mendis,Wriddhiman Saha,Ashok Dinda,Laxmi Shukla,Anureet Singh,Kolkata Knight Riders,,7

2009,111,2009-05-19,52nd match,Royal Challengers Bangalore,Delhi Daredevils,Johannesburg,The Wanderers Stadium,Delhi Daredevils,bat,Rahul Dravid,Anil Kumble,Mark Boucher,Jacques Kallis,Ross Taylor,Robin Uthappa,Praveen Kumar,Virat Kohli,Roelof van der Merwe,Balachandra Akhil,Manish Pandey,Virender Sehwag,Farveez Maharoof,Dinesh Karthik,Daniel Vettori,Ashish Nehra,Gautam Gambhir,AB de Villiers,Mithun Manhas,Andrew McDonald,Yogesh Nagar,Aavishkar Salvi,Royal Challengers Bangalore,,7

2009,112,2009-05-20,53rd match,Kolkata Knight Riders,Rajasthan Royals,Durban,Kingsmead,Kolkata Knight Riders,bowl,Sourav Ganguly,Ajit Agarkar,Brendon McCullum,Charl Langeveldt,Brad Hodge,David Hussey,Ashok Dinda,Laxmi Shukla,Yashpal Singh,Sourav Sarkar,Shoaib Shaikh,Shane Warne,Johan Botha,Munaf Patel,Ravindra Jadeja,Tyron Henderson,Yusuf Pathan,Swapnil Asnodkar,Naman Ojha,Rob Quiney,Niraj Patel,Amit Singh,Kolkata Knight Riders,,4

2009,113,2009-05-20,54th match,Chennai Super Kings,Kings XI Punjab,Durban,Kingsmead,Chennai Super Kings,bat,Jacob Oram,Parthiv Patel,Lakshmipathy Balaji,Muttiah Muralitharan,MS Dhoni,Suresh Raina,S Badrinath,Thilan Thushara,Manpreet Gony,George Bailey,Ravichandran Ashwin,Brett Lee,Yuvraj Singh,Irfan Pathan,Kumar Sangakkara,Simon Katich,S Sreesanth,Piyush Chawla,Ramesh Powar,Luke Pomersbach,Wilkin Mota,Sunny Sohal,Chennai Super Kings,24,

2009,114,2009-05-21,55th match,Delhi Daredevils,Mumbai Indians,Centurion,SuperSport Park,Delhi Daredevils,bowl,Virender Sehwag,Tillakaratne Dilshan,Dinesh Karthik,Gautam Gambhir,AB de Villiers,Amit Mishra,Rajat Bhatia,Pradeep Sangwan,Dirk Nannes,David Warner,Aavishkar Salvi,Sachin Tendulkar,Harbhajan Singh,Sanath Jayasuriya,Lasith Malinga,Mohammad Ashraful,Jean-Paul Duminy,Ajinkya Rahane,Dhawal Kulkarni,Abhishek Nayar,Pinal Shah,Rahil Shaikh,Delhi Daredevils,,4

2009,115,2009-05-21,56th match,Royal Challengers Bangalore,Deccan Chargers,Centurion,SuperSport Park,Royal Challengers Bangalore,bat,Rahul Dravid,Anil Kumble,Mark Boucher,Jacques Kallis,Ross Taylor,Robin Uthappa,Praveen Kumar,Virat Kohli,Roelof van der Merwe,Balachandra Akhil,Manish Pandey,Adam Gilchrist,Andrew Symonds,Herschelle Gibbs,Venugopal Rao,RP Singh,Rohit Sharma,Pragyan Ojha,Ryan Harris,Jaskaran Singh,Tirumalsetti Suman,Azhar Bilakhia,Royal Challengers Bangalore,12,

2009,116,2009-05-22,1st Semi-Final,Delhi Daredevils,Deccan Chargers,Centurion,SuperSport Park,Deccan Chargers,bowl,Virender Sehwag,Tillakaratne Dilshan,Dinesh Karthik,Ashish Nehra,Gautam Gambhir,AB de Villiers,Amit Mishra,Rajat Bhatia,Pradeep Sangwan,Dirk Nannes,David Warner,Adam Gilchrist,Andrew Symonds,Herschelle Gibbs,Venugopal Rao,RP Singh,Rohit Sharma,Pragyan Ojha,Ryan Harris,Harmeet Singh,Tirumalsetti Suman,Azhar Bilakhia,Deccan Chargers,,6

2009,117,2009-05-23,2nd Semi-Final,Royal Challengers Bangalore,Chennai Super Kings,Johannesburg,The Wanderers Stadium,Royal Challengers Bangalore,bowl,Rahul Dravid,Anil Kumble,Mark Boucher,Jacques Kallis,Ross Taylor,Robin Uthappa,Praveen Kumar,Virat Kohli,Vinay Kumar,Roelof van der Merwe,Manish Pandey,Jacob Oram,Parthiv Patel,Lakshmipathy Balaji,Muttiah Muralitharan,Matthew Hayden,MS Dhoni,Suresh Raina,Albie Morkel,S Badrinath,Manpreet Gony,Shadab Jakati,Royal Challengers Bangalore,,6

2009,118,2009-05-24,Final,Royal Challengers Bangalore,Deccan Chargers,Johannesburg,The Wanderers Stadium,Royal Challengers Bangalore,bowl,Rahul Dravid,Anil Kumble,Mark Boucher,Jacques Kallis,Ross Taylor,Robin Uthappa,Praveen Kumar,Virat Kohli,Vinay Kumar,Roelof van der Merwe,Manish Pandey,Adam Gilchrist,Andrew Symonds,Herschelle Gibbs,Venugopal Rao,RP Singh,Rohit Sharma,Pragyan Ojha,Ryan Harris,Harmeet Singh,Tirumalsetti Suman,Azhar Bilakhia,Deccan Chargers,6,

2010,119,2010-03-12,1st match,Deccan Chargers,Kolkata Knight Riders,Mumbai,Dr DY Patil Sports Academy,Deccan Chargers,bowl,VVS Laxman,Adam Gilchrist,Andrew Symonds,Chaminda Vaas,Herschelle Gibbs,RP Singh,Rohit Sharma,Pragyan Ojha,Jaskaran Singh,Tirumalsetti Suman,Anirudh Singh,Sourav Ganguly,Charl Langeveldt,Brad Hodge,Murali Kartik,Owais Shah,Manoj Tiwary,Ishant Sharma,Cheteshwar Pujara,Wriddhiman Saha,Laxmi Shukla,Angelo Mathews,Kolkata Knight Riders,11,

2010,120,2010-03-13,2nd match,Mumbai Indians,Rajasthan Royals,Mumbai,Brabourne Stadium,Mumbai Indians,bat,Sachin Tendulkar,Zaheer Khan,Harbhajan Singh,Sanath Jayasuriya,Lasith Malinga,Saurabh Tiwary,Ryan McLaren,Ali Murtaza,Ambati Rayudu,Rajagopal Sathish,Aditya Tare,Shane Warne,Graeme Smith,Shaun Tait,Dimitri Mascarenhas,Yusuf Pathan,Swapnil Asnodkar,Naman Ojha,Paras Dogra,Kamran Khan,Abhishek Jhunjhunwala,Amit Uniyal,Mumbai Indians,4,

2010,121,2010-03-13,3rd match,Kings XI Punjab,Delhi Daredevils,Mohali,Punjab Cricket Association IS Bindra Stadium,Delhi Daredevils,bowl,Yuvraj Singh,Mohammad Kaif,Irfan Pathan,Mahela Jayawardene,Kumar Sangakkara,S Sreesanth,Piyush Chawla,Ramesh Powar,Ravi Bopara,Yusuf Abdulla,Manvinder Bisla,Virender Sehwag,Tillakaratne Dilshan,Farveez Maharoof,Dinesh Karthik,Gautam Gambhir,AB de Villiers,Mithun Manhas,Amit Mishra,Pradeep Sangwan,Dirk Nannes,Yo Mahesh,Delhi Daredevils,,5

2010,122,2010-03-14,4th match,Kolkata Knight Riders,Royal Challengers Bangalore,Kolkata,Eden Gardens,Kolkata Knight Riders,bowl,Sourav Ganguly,Charl Langeveldt,Brad Hodge,Murali Kartik,Owais Shah,Manoj Tiwary,Ishant Sharma,Cheteshwar Pujara,Wriddhiman Saha,Angelo Mathews,Rohan Gavaskar,Rahul Dravid,Anil Kumble,Jacques Kallis,Dale Steyn,Robin Uthappa,Praveen Kumar,Eoin Morgan,Virat Kohli,Roelof van der Merwe,Shreevats Goswami,Manish Pandey,Kolkata Knight Riders,,7

2010,123,2010-03-14,5th match,Chennai Super Kings,Deccan Chargers,Chennai,MA Chidambaram Stadium,Deccan Chargers,bat,Lakshmipathy Balaji,Muttiah Muralitharan,Matthew Hayden,MS Dhoni,Suresh Raina,Albie Morkel,S Badrinath,Sudeep Tyagi,Ravichandran Ashwin,Murali Vijay,Justin Kemp,VVS Laxman,Adam Gilchrist,Andrew Symonds,Chaminda Vaas,Herschelle Gibbs,RP Singh,Rohit Sharma,Pragyan Ojha,Jaskaran Singh,Tirumalsetti Suman,Anirudh Singh,Deccan Chargers,31,

2010,124,2010-03-15,6th match,Rajasthan Royals,Delhi Daredevils,Ahmedabad,Sardar Patel Stadium,Delhi Daredevils,bowl,Shane Warne,Graeme Smith,Shaun Tait,Munaf Patel,Dimitri Mascarenhas,Yusuf Pathan,Swapnil Asnodkar,Naman Ojha,Paras Dogra,Abhishek Jhunjhunwala,Amit Uniyal,Virender Sehwag,Tillakaratne Dilshan,Farveez Maharoof,Dinesh Karthik,Gautam Gambhir,AB de Villiers,Mithun Manhas,Amit Mishra,Pradeep Sangwan,Dirk Nannes,Sarabjit Ladda,Delhi Daredevils,,6

2010,125,2010-03-16,7th match,Royal Challengers Bangalore,Kings XI Punjab,Bengaluru,M.Chinnaswamy Stadium,Kings XI Punjab,bat,Rahul Dravid,Anil Kumble,Mark Boucher,Jacques Kallis,Dale Steyn,Robin Uthappa,Praveen Kumar,Eoin Morgan,Virat Kohli,Vinay Kumar,Manish Pandey,Yuvraj Singh,Mohammad Kaif,Irfan Pathan,Mahela Jayawardene,Kumar Sangakkara,S Sreesanth,Piyush Chawla,Ravi Bopara,Yusuf Abdulla,Manvinder Bisla,Bipul Sharma,Royal Challengers Bangalore,,8

2010,126,2010-03-16,8th match,Kolkata Knight Riders,Chennai Super Kings,Kolkata,Eden Gardens,Chennai Super Kings,bat,Sourav Ganguly,Brad Hodge,Murali Kartik,Shane Bond,Owais Shah,Manoj Tiwary,Ishant Sharma,Wriddhiman Saha,Laxmi Shukla,Angelo Mathews,Rohan Gavaskar,Lakshmipathy Balaji,Muttiah Muralitharan,Matthew Hayden,MS Dhoni,Suresh Raina,Albie Morkel,S Badrinath,Manpreet Gony,Ravichandran Ashwin,Murali Vijay,Justin Kemp,Chennai Super Kings,55,

2010,127,2010-03-17,9th match,Delhi Daredevils,Mumbai Indians,Delhi,Feroz Shah Kotla,Delhi Daredevils,bowl,Virender Sehwag,Tillakaratne Dilshan,Farveez Maharoof,Dinesh Karthik,Gautam Gambhir,AB de Villiers,Mithun Manhas,Amit Mishra,Pradeep Sangwan,Dirk Nannes,Sarabjit Ladda,Sachin Tendulkar,Zaheer Khan,Harbhajan Singh,Sanath Jayasuriya,Lasith Malinga,Dwayne Bravo,Kieron Pollard,Saurabh Tiwary,Ambati Rayudu,Rajagopal Sathish,Aditya Tare,Mumbai Indians,98,

2010,128,2010-03-18,10th match,Royal Challengers Bangalore,Rajasthan Royals,Bengaluru,M.Chinnaswamy Stadium,Royal Challengers Bangalore,bowl,Rahul Dravid,Anil Kumble,Mark Boucher,Jacques Kallis,Dale Steyn,Robin Uthappa,Praveen Kumar,Eoin Morgan,Virat Kohli,Vinay Kumar,Manish Pandey,Shane Warne,Damien Martyn,Munaf Patel,Morne Morkel,Yusuf Pathan,Siddharth Trivedi,Naman Ojha,Paras Dogra,Sumit Narwal,Michael Lumb,Abhishek Jhunjhunwala,Royal Challengers Bangalore,,10

2010,129,2010-03-19,11th match,Delhi Daredevils,Chennai Super Kings,Delhi,Feroz Shah Kotla,Delhi Daredevils,bat,Virender Sehwag,Tillakaratne Dilshan,Dinesh Karthik,AB de Villiers,Mithun Manhas,Amit Mishra,Rajat Bhatia,Pradeep Sangwan,Dirk Nannes,David Warner,Umesh Yadav,Parthiv Patel,Lakshmipathy Balaji,Muttiah Muralitharan,Matthew Hayden,Joginder Sharma,Suresh Raina,Albie Morkel,S Badrinath,Ravichandran Ashwin,Murali Vijay,Justin Kemp,Chennai Super Kings,,5

2010,130,2010-03-19,12th match,Deccan Chargers,Kings XI Punjab,Cuttack,Barabati Stadium,Kings XI Punjab,bowl,VVS Laxman,Adam Gilchrist,Andrew Symonds,Chaminda Vaas,Herschelle Gibbs,RP Singh,Rohit Sharma,Pragyan Ojha,Jaskaran Singh,Tirumalsetti Suman,Anirudh Singh,Yuvraj Singh,Irfan Pathan,Mahela Jayawardene,Kumar Sangakkara,S Sreesanth,Piyush Chawla,Ravi Bopara,Manvinder Bisla,Adrian Barath,Bipul Sharma,Shalabh Srivastava,Deccan Chargers,6,

2010,131,2010-03-20,13th match,Rajasthan Royals,Kolkata Knight Riders,Ahmedabad,Sardar Patel Stadium,Rajasthan Royals,bat,Shane Warne,Shaun Tait,Munaf Patel,Adam Voges,Yusuf Pathan,Siddharth Trivedi,Faiz Fazal,Naman Ojha,Paras Dogra,Michael Lumb,Abhishek Jhunjhunwala,Sourav Ganguly,Brad Hodge,Murali Kartik,Shane Bond,Owais Shah,Manoj Tiwary,Ishant Sharma,Cheteshwar Pujara,Wriddhiman Saha,Ashok Dinda,Angelo Mathews,Rajasthan Royals,34,

2010,132,2010-03-20,14th match,Mumbai Indians,Royal Challengers Bangalore,Mumbai,Brabourne Stadium,Mumbai Indians,bat,Sachin Tendulkar,Zaheer Khan,Harbhajan Singh,Sanath Jayasuriya,Lasith Malinga,Dwayne Bravo,Kieron Pollard,Saurabh Tiwary,Ambati Rayudu,Rajagopal Sathish,Aditya Tare,Rahul Dravid,Anil Kumble,Mark Boucher,Jacques Kallis,Dale Steyn,Robin Uthappa,Praveen Kumar,Eoin Morgan,Virat Kohli,Vinay Kumar,Manish Pandey,Royal Challengers Bangalore,,7

2010,133,2010-03-21,15th match,Deccan Chargers,Delhi Daredevils,Cuttack,Barabati Stadium,Deccan Chargers,bat,Adam Gilchrist,Andrew Symonds,Chaminda Vaas,Herschelle Gibbs,Venugopal Rao,RP Singh,Rohit Sharma,Pragyan Ojha,Tirumalsetti Suman,Mohnish Mishra,Rahul Sharma,Virender Sehwag,Dinesh Karthik,AB de Villiers,Mithun Manhas,Moises Henriques,Amit Mishra,Dirk Nannes,David Warner,Yogesh Nagar,Umesh Yadav,Sarabjit Ladda,Deccan Chargers,10,

2010,134,2010-03-21,16th match,Chennai Super Kings,Kings XI Punjab,Chennai,MA Chidambaram Stadium,Chennai Super Kings,bowl,Parthiv Patel,Lakshmipathy Balaji,Muttiah Muralitharan,Matthew Hayden,Suresh Raina,Albie Morkel,S Badrinath,Manpreet Gony,Ravichandran Ashwin,Murali Vijay,Justin Kemp,Yuvraj Singh,Mohammad Kaif,Irfan Pathan,Mahela Jayawardene,Kumar Sangakkara,Piyush Chawla,Ramesh Powar,Ravi Bopara,Manvinder Bisla,Shalabh Srivastava,Rusty Theron,False,False,False

2010,135,2010-03-22,17th match,Mumbai Indians,Kolkata Knight Riders,Mumbai,Brabourne Stadium,Kolkata Knight Riders,bat,Sachin Tendulkar,Zaheer Khan,Harbhajan Singh,Lasith Malinga,Dwayne Bravo,Kieron Pollard,Shikhar Dhawan,Saurabh Tiwary,Ryan McLaren,Rajagopal Sathish,Aditya Tare,Sourav Ganguly,Chris Gayle,Murali Kartik,Shane Bond,Owais Shah,Ishant Sharma,Cheteshwar Pujara,Wriddhiman Saha,Angelo Mathews,Mandeep Singh,Harpreet Singh,Mumbai Indians,,7

2010,136,2010-03-23,18th match,Royal Challengers Bangalore,Chennai Super Kings,Bengaluru,M.Chinnaswamy Stadium,Chennai Super Kings,bowl,Rahul Dravid,Anil Kumble,Mark Boucher,Jacques Kallis,Dale Steyn,Robin Uthappa,Praveen Kumar,Eoin Morgan,Virat Kohli,Vinay Kumar,Manish Pandey,Parthiv Patel,Lakshmipathy Balaji,Muttiah Muralitharan,Matthew Hayden,Suresh Raina,Albie Morkel,S Badrinath,George Bailey,Sudeep Tyagi,Ravichandran Ashwin,Murali Vijay,Royal Challengers Bangalore,36,

2010,137,2010-03-24,19th match,Kings XI Punjab,Rajasthan Royals,Mohali,Punjab Cricket Association IS Bindra Stadium,Kings XI Punjab,bowl,Yuvraj Singh,Mohammad Kaif,Irfan Pathan,Mahela Jayawardene,Kumar Sangakkara,S Sreesanth,Piyush Chawla,Ravi Bopara,Manvinder Bisla,Shalabh Srivastava,Rusty Theron,Shane Warne,Shaun Tait,Munaf Patel,Adam Voges,Yusuf Pathan,Siddharth Trivedi,Faiz Fazal,Naman Ojha,Paras Dogra,Michael Lumb,Abhishek Jhunjhunwala,Rajasthan Royals,31,

2010,138,2010-03-25,20th match,Royal Challengers Bangalore,Delhi Daredevils,Bengaluru,M.Chinnaswamy Stadium,Royal Challengers Bangalore,bowl,Rahul Dravid,Anil Kumble,Mark Boucher,Jacques Kallis,Dale Steyn,Robin Uthappa,Praveen Kumar,Eoin Morgan,Virat Kohli,Vinay Kumar,Manish Pandey,Virender Sehwag,Dinesh Karthik,AB de Villiers,Mithun Manhas,Amit Mishra,Pradeep Sangwan,Andrew McDonald,Dirk Nannes,David Warner,Kedar Jadhav,Umesh Yadav,Delhi Daredevils,17,

2010,139,2010-03-25,21st match,Mumbai Indians,Chennai Super Kings,Mumbai,Brabourne Stadium,Mumbai Indians,bowl,Sachin Tendulkar,Zaheer Khan,Harbhajan Singh,Lasith Malinga,Dwayne Bravo,Kieron Pollard,Shikhar Dhawan,Saurabh Tiwary,Ryan McLaren,Rajagopal Sathish,Aditya Tare,Parthiv Patel,Lakshmipathy Balaji,Muttiah Muralitharan,Matthew Hayden,MS Dhoni,Joginder Sharma,Suresh Raina,Albie Morkel,S Badrinath,Shadab Jakati,Thisara Perera,Mumbai Indians,,5

2010,140,2010-03-26,22nd match,Rajasthan Royals,Deccan Chargers,Ahmedabad,Sardar Patel Stadium,Deccan Chargers,bat,Shane Warne,Shaun Tait,Adam Voges,Yusuf Pathan,Siddharth Trivedi,Faiz Fazal,Naman Ojha,Paras Dogra,Sumit Narwal,Michael Lumb,Abhishek Jhunjhunwala,VVS Laxman,Adam Gilchrist,Andrew Symonds,Chaminda Vaas,Herschelle Gibbs,Venugopal Rao,RP Singh,Rohit Sharma,Pragyan Ojha,Tirumalsetti Suman,Rahul Sharma,Rajasthan Royals,,8

2010,141,2010-03-27,23rd match,Kings XI Punjab,Kolkata Knight Riders,Mohali,Punjab Cricket Association IS Bindra Stadium,Kolkata Knight Riders,bat,Brett Lee,Yuvraj Singh,Irfan Pathan,Mahela Jayawardene,Kumar Sangakkara,Piyush Chawla,Ravi Bopara,Karan Goel,Manvinder Bisla,Vikramjeet Singh Malik,Shalabh Srivastava,Sourav Ganguly,Ajit Agarkar,Chris Gayle,Shane Bond,David Hussey,Manoj Tiwary,Wriddhiman Saha,Ashok Dinda,Angelo Mathews,Iqbal Abdulla,Mandeep Singh,Kolkata Knight Riders,39,

2010,142,2010-03-28,24th match,Rajasthan Royals,Chennai Super Kings,Ahmedabad,Sardar Patel Stadium,Rajasthan Royals,bat,Shane Warne,Shaun Tait,Adam Voges,Yusuf Pathan,Siddharth Trivedi,Faiz Fazal,Naman Ojha,Paras Dogra,Sumit Narwal,Michael Lumb,Abhishek Jhunjhunwala,Muttiah Muralitharan,Matthew Hayden,MS Dhoni,Joginder Sharma,Suresh Raina,Albie Morkel,S Badrinath,Thilan Thushara,Murali Vijay,Arun Karthik,Shadab Jakati,Rajasthan Royals,17,

2010,143,2010-03-28,25th match,Deccan Chargers,Mumbai Indians,Mumbai,Dr DY Patil Sports Academy,Deccan Chargers,bowl,Adam Gilchrist,Andrew Symonds,Herschelle Gibbs,Venugopal Rao,RP Singh,Rohit Sharma,Pragyan Ojha,Kemar Roach,Jaskaran Singh,Tirumalsetti Suman,Mohnish Mishra,Sachin Tendulkar,Zaheer Khan,Harbhajan Singh,Lasith Malinga,Dwayne Bravo,Kieron Pollard,Shikhar Dhawan,Saurabh Tiwary,Ryan McLaren,Ambati Rayudu,Rajagopal Sathish,Mumbai Indians,41,

2010,144,2010-03-29,26th match,Delhi Daredevils,Kolkata Knight Riders,Delhi,Feroz Shah Kotla,Delhi Daredevils,bat,Virender Sehwag,Paul Collingwood,Dinesh Karthik,Gautam Gambhir,Amit Mishra,Rajat Bhatia,Andrew McDonald,Dirk Nannes,David Warner,Kedar Jadhav,Umesh Yadav,Sourav Ganguly,Ajit Agarkar,Charl Langeveldt,Chris Gayle,Murali Kartik,David Hussey,Manoj Tiwary,Ishant Sharma,Wriddhiman Saha,Angelo Mathews,Mandeep Singh,Delhi Daredevils,40,

2010,145,2010-03-30,27th match,Mumbai Indians,Kings XI Punjab,Mumbai,Brabourne Stadium,Mumbai Indians,bowl,Sachin Tendulkar,Zaheer Khan,Harbhajan Singh,Lasith Malinga,Dwayne Bravo,Kieron Pollard,Shikhar Dhawan,Saurabh Tiwary,Ryan McLaren,Ambati Rayudu,Rajagopal Sathish,Brett Lee,Yuvraj Singh,Irfan Pathan,Mahela Jayawardene,Piyush Chawla,Shaun Marsh,Ravi Bopara,Karan Goel,Manvinder Bisla,Vikramjeet Singh Malik,Shalabh Srivastava,Mumbai Indians,,4

2010,146,2010-03-31,28th match,Chennai Super Kings,Royal Challengers Bangalore,Chennai,MA Chidambaram Stadium,Royal Challengers Bangalore,bat,Muttiah Muralitharan,Matthew Hayden,MS Dhoni,Suresh Raina,Albie Morkel,S Badrinath,Thilan Thushara,Manpreet Gony,Murali Vijay,Shadab Jakati,Chandrasekar Ganapathy,Rahul Dravid,Anil Kumble,Jacques Kallis,Cameron White,Kevin Pietersen,Dale Steyn,Robin Uthappa,Praveen Kumar,Virat Kohli,Vinay Kumar,Manish Pandey,Chennai Super Kings,,5

2010,147,2010-03-31,29th match,Delhi Daredevils,Rajasthan Royals,Delhi,Feroz Shah Kotla,Delhi Daredevils,bat,Virender Sehwag,Paul Collingwood,Farveez Maharoof,Dinesh Karthik,Gautam Gambhir,Amit Mishra,Andrew McDonald,David Warner,Kedar Jadhav,Umesh Yadav,Sarabjit Ladda,Shane Warne,Shaun Tait,Adam Voges,Yusuf Pathan,Siddharth Trivedi,Faiz Fazal,Naman Ojha,Paras Dogra,Sumit Narwal,Michael Lumb,Abhishek Jhunjhunwala,Delhi Daredevils,67,

2010,148,2010-04-01,30th match,Kolkata Knight Riders,Deccan Chargers,Kolkata,Eden Gardens,Kolkata Knight Riders,bat,Sourav Ganguly,Ajit Agarkar,Chris Gayle,Murali Kartik,Shane Bond,David Hussey,Manoj Tiwary,Cheteshwar Pujara,Mohnish Parmar,Wriddhiman Saha,Angelo Mathews,Adam Gilchrist,Andrew Symonds,Herschelle Gibbs,Venugopal Rao,Rohit Sharma,Pragyan Ojha,Kemar Roach,Harmeet Singh,Jaskaran Singh,Tirumalsetti Suman,Mohnish Mishra,Kolkata Knight Riders,24,

2010,149,2010-04-02,31st match,Kings XI Punjab,Royal Challengers Bangalore,Mohali,Punjab Cricket Association IS Bindra Stadium,Kings XI Punjab,bat,Brett Lee,Yuvraj Singh,Irfan Pathan,Kumar Sangakkara,S Sreesanth,Piyush Chawla,Shaun Marsh,Ravi Bopara,Manvinder Bisla,Bipul Sharma,Shalabh Srivastava,Rahul Dravid,Anil Kumble,Jacques Kallis,Cameron White,Kevin Pietersen,Dale Steyn,Robin Uthappa,Praveen Kumar,Virat Kohli,Vinay Kumar,Manish Pandey,Royal Challengers Bangalore,,6

2010,150,2010-04-03,32nd match,Chennai Super Kings,Rajasthan Royals,Chennai,MA Chidambaram Stadium,Chennai Super Kings,bat,Muttiah Muralitharan,Matthew Hayden,MS Dhoni,Suresh Raina,Albie Morkel,Doug Bollinger,S Badrinath,Sudeep Tyagi,Murali Vijay,Srikkanth Anirudha,Shadab Jakati,Shane Warne,Shane Watson,Shaun Tait,Yusuf Pathan,Faiz Fazal,Naman Ojha,Abhishek Raut,Shrikant Wagh,Sumit Narwal,Michael Lumb,Abhishek Jhunjhunwala,Chennai Super Kings,23,

2010,151,2010-04-03,33rd match,Mumbai Indians,Deccan Chargers,Mumbai,Brabourne Stadium,Mumbai Indians,bat,Sachin Tendulkar,Zaheer Khan,Harbhajan Singh,Lasith Malinga,Dwayne Bravo,Kieron Pollard,Shikhar Dhawan,Saurabh Tiwary,Ryan McLaren,Ambati Rayudu,Rajagopal Sathish,VVS Laxman,Adam Gilchrist,Andrew Symonds,Herschelle Gibbs,Rohit Sharma,Pragyan Ojha,Ryan Harris,Jaskaran Singh,Tirumalsetti Suman,Mohnish Mishra,Rahul Sharma,Mumbai Indians,63,

2010,152,2010-04-04,34th match,Kolkata Knight Riders,Kings XI Punjab,Kolkata,Eden Gardens,Kolkata Knight Riders,bat,Sourav Ganguly,Ajit Agarkar,Chris Gayle,Murali Kartik,Shane Bond,David Hussey,Manoj Tiwary,Cheteshwar Pujara,Wriddhiman Saha,Angelo Mathews,Jaydev Unadkat,Yuvraj Singh,Irfan Pathan,Mahela Jayawardene,Kumar Sangakkara,Piyush Chawla,Ramesh Powar,Ravi Bopara,Manvinder Bisla,Bipul Sharma,Shalabh Srivastava,Rusty Theron,Kings XI Punjab,,8

2010,153,2010-04-04,35th match,Delhi Daredevils,Royal Challengers Bangalore,Delhi,Feroz Shah Kotla,Delhi Daredevils,bat,Virender Sehwag,Paul Collingwood,Farveez Maharoof,Dinesh Karthik,Daniel Vettori,Gautam Gambhir,Amit Mishra,Rajat Bhatia,Pradeep Sangwan,David Warner,Kedar Jadhav,Rahul Dravid,Anil Kumble,Jacques Kallis,Cameron White,Kevin Pietersen,Ross Taylor,Robin Uthappa,Virat Kohli,Vinay Kumar,KP Appanna,Abhimanyu Mithun,Delhi Daredevils,37,

2010,154,2010-04-05,36th match,Deccan Chargers,Rajasthan Royals,Nagpur,Vidarbha Cricket Association Stadium,Rajasthan Royals,bat,VVS Laxman,Adam Gilchrist,Andrew Symonds,Dwayne Smith,RP Singh,Rohit Sharma,Pragyan Ojha,Ryan Harris,Harmeet Singh,Azhar Bilakhia,Anirudh Singh,Shane Warne,Shane Watson,Morne Morkel,Yusuf Pathan,Siddharth Trivedi,Faiz Fazal,Naman Ojha,Aditya Dole,Abhishek Raut,Michael Lumb,Abhishek Jhunjhunwala,Rajasthan Royals,2,

2010,155,2010-04-06,37th match,Chennai Super Kings,Mumbai Indians,Chennai,MA Chidambaram Stadium,Chennai Super Kings,bat,Matthew Hayden,MS Dhoni,Suresh Raina,Doug Bollinger,S Badrinath,Thilan Thushara,Sudeep Tyagi,Ravichandran Ashwin,Murali Vijay,Shadab Jakati,Michael Hussey,Sachin Tendulkar,Harbhajan Singh,Lasith Malinga,Dwayne Bravo,Kieron Pollard,Shikhar Dhawan,Saurabh Tiwary,Ryan McLaren,Ambati Rayudu,Rajagopal Sathish,Abu Nechim,Chennai Super Kings,24,

2010,156,2010-04-07,38th match,Rajasthan Royals,Kings XI Punjab,Jaipur,Sawai Mansingh Stadium,Kings XI Punjab,bat,Shane Warne,Shane Watson,Adam Voges,Yusuf Pathan,Siddharth Trivedi,Faiz Fazal,Naman Ojha,Aditya Dole,Abhishek Raut,Michael Lumb,Abhishek Jhunjhunwala,Yuvraj Singh,Irfan Pathan,Mahela Jayawardene,Kumar Sangakkara,S Sreesanth,Piyush Chawla,Ramesh Powar,Ravi Bopara,Manvinder Bisla,Bipul Sharma,Rusty Theron,Rajasthan Royals,,9

2010,157,2010-04-07,39th match,Kolkata Knight Riders,Delhi Daredevils,Kolkata,Eden Gardens,Kolkata Knight Riders,bat,Sourav Ganguly,Ajit Agarkar,Brendon McCullum,Chris Gayle,Manoj Tiwary,Ajantha Mendis,Cheteshwar Pujara,Wriddhiman Saha,Ashok Dinda,Angelo Mathews,Iqbal Abdulla,Virender Sehwag,Paul Collingwood,Farveez Maharoof,Dinesh Karthik,Daniel Vettori,Gautam Gambhir,Amit Mishra,Rajat Bhatia,Pradeep Sangwan,David Warner,Kedar Jadhav,Kolkata Knight Riders,14,

2010,158,2010-04-08,40th match,Royal Challengers Bangalore,Deccan Chargers,Bengaluru,M.Chinnaswamy Stadium,Deccan Chargers,bowl,Rahul Dravid,Anil Kumble,Jacques Kallis,Cameron White,Dale Steyn,Ross Taylor,Robin Uthappa,Praveen Kumar,Virat Kohli,Vinay Kumar,Manish Pandey,Adam Gilchrist,Andrew Symonds,Venugopal Rao,RP Singh,Rohit Sharma,Pragyan Ojha,Ryan Harris,Harmeet Singh,Tirumalsetti Suman,Mitchell Marsh,Mohnish Mishra,Deccan Chargers,,7

2010,159,2010-04-09,41st match,Kings XI Punjab,Mumbai Indians,Mohali,Punjab Cricket Association IS Bindra Stadium,Mumbai Indians,bat,Brett Lee,Yuvraj Singh,Irfan Pathan,Mahela Jayawardene,Kumar Sangakkara,Piyush Chawla,Ramesh Powar,Karan Goel,Adrian Barath,Reetinder Sodhi,Love Ablish,Sachin Tendulkar,Zaheer Khan,Harbhajan Singh,Lasith Malinga,Jean-Paul Duminy,Kieron Pollard,Shikhar Dhawan,Saurabh Tiwary,Ryan McLaren,Ambati Rayudu,Rajagopal Sathish,Kings XI Punjab,,6

2010,160,2010-04-10,42nd match,Deccan Chargers,Chennai Super Kings,Nagpur,Vidarbha Cricket Association Stadium,Chennai Super Kings,bat,Adam Gilchrist,Andrew Symonds,Dwayne Smith,RP Singh,Rohit Sharma,Pragyan Ojha,Ryan Harris,Harmeet Singh,Tirumalsetti Suman,Mohnish Mishra,Bodapati Sumanth,Matthew Hayden,MS Dhoni,Suresh Raina,Doug Bollinger,S Badrinath,Thilan Thushara,Sudeep Tyagi,Ravichandran Ashwin,Murali Vijay,Shadab Jakati,Michael Hussey,Deccan Chargers,,6

2010,161,2010-04-10,43rd match,Royal Challengers Bangalore,Kolkata Knight Riders,Bengaluru,M.Chinnaswamy Stadium,Royal Challengers Bangalore,bowl,Rahul Dravid,Anil Kumble,Jacques Kallis,Cameron White,Dale Steyn,Ross Taylor,Robin Uthappa,Praveen Kumar,Virat Kohli,Vinay Kumar,Sridharan Sriram,Sourav Ganguly,Ajit Agarkar,Brendon McCullum,Chris Gayle,Manoj Tiwary,Ishant Sharma,Ajantha Mendis,Cheteshwar Pujara,Wriddhiman Saha,Ashok Dinda,Angelo Mathews,Royal Challengers Bangalore,,7

2010,162,2010-04-11,44th match,Delhi Daredevils,Kings XI Punjab,Delhi,Feroz Shah Kotla,Delhi Daredevils,bat,Virender Sehwag,Paul Collingwood,Farveez Maharoof,Dinesh Karthik,Daniel Vettori,Ashish Nehra,Gautam Gambhir,Mithun Manhas,Amit Mishra,Rajat Bhatia,David Warner,Yuvraj Singh,Irfan Pathan,Mahela Jayawardene,Kumar Sangakkara,Piyush Chawla,Ramesh Powar,Karan Goel,Adrian Barath,Reetinder Sodhi,Love Ablish,Rusty Theron,Kings XI Punjab,,7

2010,163,2010-04-11,45th match,Rajasthan Royals,Mumbai Indians,Jaipur,Sawai Mansingh Stadium,Rajasthan Royals,bowl,Shane Warne,Shane Watson,Adam Voges,Yusuf Pathan,Siddharth Trivedi,Faiz Fazal,Naman Ojha,Aditya Dole,Abhishek Raut,Michael Lumb,Abhishek Jhunjhunwala,Sachin Tendulkar,Zaheer Khan,Harbhajan Singh,Sanath Jayasuriya,Lasith Malinga,Jean-Paul Duminy,Kieron Pollard,Dhawal Kulkarni,Saurabh Tiwary,Ambati Rayudu,Rajagopal Sathish,Mumbai Indians,37,

2010,164,2010-04-12,46th match,Deccan Chargers,Royal Challengers Bangalore,Nagpur,Vidarbha Cricket Association Stadium,Royal Challengers Bangalore,bowl,Adam Gilchrist,Andrew Symonds,Herschelle Gibbs,RP Singh,Rohit Sharma,Pragyan Ojha,Ryan Harris,Harmeet Singh,Tirumalsetti Suman,Mohnish Mishra,Bodapati Sumanth,Rahul Dravid,Anil Kumble,Jacques Kallis,Cameron White,Dale Steyn,Ross Taylor,Robin Uthappa,Virat Kohli,Vinay Kumar,KP Appanna,Manish Pandey,Deccan Chargers,13,

2010,165,2010-04-13,47th match,Mumbai Indians,Delhi Daredevils,Mumbai,Brabourne Stadium,Mumbai Indians,bat,Sachin Tendulkar,Zaheer Khan,Harbhajan Singh,Jean-Paul Duminy,Dilhara Fernando,Dwayne Bravo,Kieron Pollard,Saurabh Tiwary,Ali Murtaza,Chandan Madan,Ambati Rayudu,Virender Sehwag,Paul Collingwood,Dinesh Karthik,Ashish Nehra,Gautam Gambhir,AB de Villiers,Amit Mishra,Pradeep Sangwan,Andrew McDonald,David Warner,Sarabjit Ladda,Mumbai Indians,39,

2010,166,2010-04-13,48th match,Chennai Super Kings,Kolkata Knight Riders,Chennai,MA Chidambaram Stadium,Kolkata Knight Riders,bat,Muttiah Muralitharan,Matthew Hayden,MS Dhoni,Suresh Raina,Albie Morkel,Doug Bollinger,S Badrinath,Ravichandran Ashwin,Murali Vijay,Srikkanth Anirudha,Shadab Jakati,Sourav Ganguly,Ajit Agarkar,Brendon McCullum,Chris Gayle,David Hussey,Manoj Tiwary,Wriddhiman Saha,Ashok Dinda,Laxmi Shukla,Angelo Mathews,Iqbal Abdulla,Chennai Super Kings,,9

2010,167,2010-04-14,49th match,Rajasthan Royals,Royal Challengers Bangalore,Jaipur,Sawai Mansingh Stadium,Rajasthan Royals,bat,Shane Warne,Shane Watson,Adam Voges,Yusuf Pathan,Siddharth Trivedi,Naman Ojha,Kamran Khan,Abhishek Raut,Brent Arnel,Michael Lumb,Abhishek Jhunjhunwala,Rahul Dravid,Anil Kumble,Jacques Kallis,Kevin Pietersen,Dale Steyn,Ross Taylor,Robin Uthappa,Virat Kohli,Vinay Kumar,Manish Pandey,Pankaj Singh,Royal Challengers Bangalore,,5

2010,168,2010-04-15,50th match,Chennai Super Kings,Delhi Daredevils,Chennai,MA Chidambaram Stadium,Chennai Super Kings,bat,Lakshmipathy Balaji,Matthew Hayden,MS Dhoni,Suresh Raina,Albie Morkel,Doug Bollinger,S Badrinath,Ravichandran Ashwin,Murali Vijay,Shadab Jakati,Michael Hussey,Virender Sehwag,Paul Collingwood,Tillakaratne Dilshan,Dinesh Karthik,Ashish Nehra,Gautam Gambhir,Mithun Manhas,Amit Mishra,Dirk Nannes,David Warner,Umesh Yadav,Delhi Daredevils,,6

2010,169,2010-04-16,51st match,Kings XI Punjab,Deccan Chargers,Dharamsala,Himachal Pradesh Cricket Association Stadium,Deccan Chargers,bowl,Yuvraj Singh,Irfan Pathan,Mahela Jayawardene,Kumar Sangakkara,Piyush Chawla,Shaun Marsh,Karan Goel,Vikramjeet Singh Malik,Reetinder Sodhi,Shalabh Srivastava,Rusty Theron,Adam Gilchrist,Andrew Symonds,RP Singh,Rohit Sharma,Pragyan Ojha,Ryan Harris,Tirumalsetti Suman,Mitchell Marsh,Mohnish Mishra,Rahul Sharma,Bodapati Sumanth,Deccan Chargers,,5

2010,170,2010-04-17,52nd match,Royal Challengers Bangalore,Mumbai Indians,Bengaluru,M.Chinnaswamy Stadium,Royal Challengers Bangalore,bowl,Rahul Dravid,Anil Kumble,Jacques Kallis,Kevin Pietersen,Dale Steyn,Ross Taylor,Robin Uthappa,Virat Kohli,Vinay Kumar,Manish Pandey,Pankaj Singh,Sachin Tendulkar,Zaheer Khan,Harbhajan Singh,Jean-Paul Duminy,Dilhara Fernando,Kieron Pollard,Abhishek Nayar,Saurabh Tiwary,Ryan McLaren,Ambati Rayudu,Aditya Tare,Mumbai Indians,57,

2010,171,2010-04-17,53rd match,Kolkata Knight Riders,Rajasthan Royals,Kolkata,Eden Gardens,Rajasthan Royals,bat,Sourav Ganguly,Brendon McCullum,Chris Gayle,Murali Kartik,Shane Bond,Manoj Tiwary,Cheteshwar Pujara,Ashok Dinda,Laxmi Shukla,Angelo Mathews,Jaydev Unadkat,Shane Warne,Shane Watson,Adam Voges,Yusuf Pathan,Siddharth Trivedi,Faiz Fazal,Naman Ojha,Aaron Finch,Paras Dogra,Kamran Khan,Abhishek Raut,Kolkata Knight Riders,,8

2010,172,2010-04-18,54th match,Kings XI Punjab,Chennai Super Kings,Dharamsala,Himachal Pradesh Cricket Association Stadium,Chennai Super Kings,bowl,Yuvraj Singh,Irfan Pathan,Mahela Jayawardene,Kumar Sangakkara,Vikram Singh,Piyush Chawla,Ramesh Powar,Shaun Marsh,Karan Goel,Sunny Sohal,Rusty Theron,Matthew Hayden,MS Dhoni,Suresh Raina,Albie Morkel,Doug Bollinger,S Badrinath,Sudeep Tyagi,Ravichandran Ashwin,Murali Vijay,Shadab Jakati,Justin Kemp,Chennai Super Kings,,6

2010,173,2010-04-18,55th match,Delhi Daredevils,Deccan Chargers,Delhi,Feroz Shah Kotla,Deccan Chargers,bat,Virender Sehwag,Paul Collingwood,Tillakaratne Dilshan,Dinesh Karthik,Ashish Nehra,Gautam Gambhir,Mithun Manhas,Amit Mishra,Dirk Nannes,David Warner,Umesh Yadav,Adam Gilchrist,Andrew Symonds,Chaminda Vaas,Rohit Sharma,Pragyan Ojha,Harmeet Singh,Tirumalsetti Suman,Mitchell Marsh,Mohnish Mishra,Rahul Sharma,Bodapati Sumanth,Deccan Chargers,11,

2010,174,2010-04-19,56th match,Kolkata Knight Riders,Mumbai Indians,Kolkata,Eden Gardens,Mumbai Indians,bat,Sourav Ganguly,Brendon McCullum,Murali Kartik,Shane Bond,David Hussey,Manoj Tiwary,Cheteshwar Pujara,Wriddhiman Saha,Ashok Dinda,Angelo Mathews,Jaydev Unadkat,Jean-Paul Duminy,Dilhara Fernando,Dwayne Bravo,Shikhar Dhawan,Stuart Binny,Saurabh Tiwary,Ryan McLaren,Ali Murtaza,Ambati Rayudu,Rajagopal Sathish,Aditya Tare,Kolkata Knight Riders,,9

2010,175,2010-04-21,1st Semi-Final,Royal Challengers Bangalore,Mumbai Indians,Mumbai,Dr DY Patil Sports Academy,Mumbai Indians,bat,Rahul Dravid,Anil Kumble,Jacques Kallis,Kevin Pietersen,Dale Steyn,Ross Taylor,Robin Uthappa,Praveen Kumar,Virat Kohli,Vinay Kumar,Manish Pandey,Sachin Tendulkar,Zaheer Khan,Harbhajan Singh,Lasith Malinga,Jean-Paul Duminy,Dilhara Fernando,Kieron Pollard,Shikhar Dhawan,Abhishek Nayar,Saurabh Tiwary,Ambati Rayudu,Mumbai Indians,35,

2010,176,2010-04-22,2nd Semi-Final,Chennai Super Kings,Deccan Chargers,Mumbai,Dr DY Patil Sports Academy,Chennai Super Kings,bat,Muttiah Muralitharan,Matthew Hayden,MS Dhoni,Suresh Raina,Albie Morkel,Doug Bollinger,S Badrinath,Ravichandran Ashwin,Murali Vijay,Srikkanth Anirudha,Shadab Jakati,Adam Gilchrist,Andrew Symonds,Herschelle Gibbs,RP Singh,Rohit Sharma,Pragyan Ojha,Ryan Harris,Harmeet Singh,Tirumalsetti Suman,Mohnish Mishra,Bodapati Sumanth,Chennai Super Kings,38,

2010,177,2010-04-24,3rd Place Play-off,Royal Challengers Bangalore,Deccan Chargers,Mumbai,Dr DY Patil Sports Academy,Deccan Chargers,bat,Rahul Dravid,Anil Kumble,Jacques Kallis,Cameron White,Kevin Pietersen,Dale Steyn,Robin Uthappa,Praveen Kumar,Virat Kohli,Balachandra Akhil,Nayan Doshi,Adam Gilchrist,Andrew Symonds,Dwayne Smith,Venugopal Rao,Rohit Sharma,Pragyan Ojha,Ryan Harris,Harmeet Singh,Anirudh Singh,Mohnish Mishra,Rahul Sharma,Royal Challengers Bangalore,,9

2010,178,2010-04-25,Final,Chennai Super Kings,Mumbai Indians,Mumbai,Dr DY Patil Sports Academy,Chennai Super Kings,bat,Muttiah Muralitharan,Matthew Hayden,MS Dhoni,Suresh Raina,Albie Morkel,Doug Bollinger,S Badrinath,Ravichandran Ashwin,Murali Vijay,Srikkanth Anirudha,Shadab Jakati,Sachin Tendulkar,Zaheer Khan,Harbhajan Singh,Lasith Malinga,Jean-Paul Duminy,Dilhara Fernando,Kieron Pollard,Shikhar Dhawan,Abhishek Nayar,Saurabh Tiwary,Ambati Rayudu,Chennai Super Kings,22,
